prompt_pool	comparison	role	surface	records	caption_mean_tokens	budget	budget_eligible_rate	ngram_n	caption_total_ngrams	prompt_total_ngrams	caption_unique_buckets	prompt_unique_buckets	overlap_buckets	caption_mass_on_prompt_support	prompt_mass_on_caption_support	jsd	kl_caption_to_prompt	kl_prompt_to_caption
civitai_flux_prompts_aconexx	cc12m_qwen3vl8b_paired	local	ours_cc12m	114621	186.79190549724746	128	0.9647272314846319	1	14628299.0	633872.0	38465.0	20863.0	14544.0	0.9777043113488297	0.9779009011279598	0.1342085678477941	1.165414577356768	1.4201562134802588
civitai_flux_prompts_aconexx	cc12m_llavanext_paired	local	ours_cc12m	250000	184.079312	128	0.945212	1	31830701.0	633872.0	75016.0	20863.0	17035.0	0.9731736979339469	0.9876394603323952	0.1345289563170911	1.280851507128173	1.1360985105286807
civitai_flux_prompts_aconexx	cc12m_pixelprose_paired	local	ours_cc12m	250000	183.960124	128	0.945312	1	31831516.0	633872.0	74929.0	20863.0	17055.0	0.9731829297731148	0.9879265845467474	0.1345348001616279	1.2805889724926829	1.1285693694447434
civitai_flux_prompts_aconexx	cc12m_qwen3vl8b_paired	local	ours_cc12m	114621	186.79190549724746	128	0.9647272314846319	2	14513678.0	627259.0	259963.0	143202.0	142454.0	0.8338404641469881	0.9979306793525455	0.22255955016768608	5.240342626031232	1.1617904026849053
civitai_flux_prompts_aconexx	cc12m_llavanext_paired	local	ours_cc12m	250000	184.079312	128	0.945212	2	31580701.0	627259.0	262108.0	143202.0	143192.0	0.8246411629684832	0.9999808691465565	0.22196984914640344	5.476666990553399	1.0695619579007145
civitai_flux_prompts_aconexx	cc12m_pixelprose_paired	local	ours_cc12m	250000	183.960124	128	0.945312	2	31581516.0	627259.0	262107.0	143202.0	143189.0	0.8246717162026022	0.9999649267686872	0.22189552587061667	5.475366434959837	1.0699158778096847
civitai_flux_prompts_aconexx	cc12m_qwen3vl8b_paired	local	ours_cc12m	114621	186.79190549724746	128	0.9647272314846319	3	14399057.0	620646.0	262144.0	203617.0	203617.0	0.8344217958162113	0.9999999999999999	0.16622362958641862	5.0180534847049945	0.6924547202000859
civitai_flux_prompts_aconexx	cc12m_llavanext_paired	local	ours_cc12m	250000	184.079312	128	0.945212	3	31330701.0	620646.0	262144.0	203617.0	203617.0	0.830585629092691	0.9999999999999999	0.16509324652991364	5.119370024662411	0.6800648110979245
civitai_flux_prompts_aconexx	cc12m_pixelprose_paired	local	ours_cc12m	250000	183.960124	128	0.945312	3	31331516.0	620646.0	262144.0	203617.0	203617.0	0.8306438156391794	0.9999999999999999	0.16502226421369617	5.1172847299405095	0.679728861379402
civitai_flux_prompts_aconexx	cc12m_qwen3vl8b_paired	local	ours_cc12m	114621	186.79190549724746	64	0.9999302047617801	1	7335606.0	633872.0	29379.0	20863.0	13327.0	0.9765840749898183	0.9695017290553536	0.14717067045208915	1.26121226402148	1.7224517598409912
civitai_flux_prompts_aconexx	cc12m_llavanext_paired	local	ours_cc12m	250000	184.079312	64	0.999696	1	15998159.0	633872.0	51961.0	20863.0	15743.0	0.9730949667395965	0.9825138198244983	0.14575076589582242	1.3414169581724846	1.3439547048105067
civitai_flux_prompts_aconexx	cc12m_pixelprose_paired	local	ours_cc12m	250000	183.960124	64	0.999728	1	15998284.0	633872.0	51878.0	20863.0	15763.0	0.9731135539286448	0.9827962112221303	0.14581163221929327	1.3410789005305335	1.3365360173700502
civitai_flux_prompts_aconexx	cc12m_qwen3vl8b_paired	local	ours_cc12m	114621	186.79190549724746	64	0.9999302047617801	2	7220985.0	627259.0	250087.0	143202.0	138438.0	0.8308390060358694	0.9846682152029577	0.24127764581305156	5.428653628783622	1.6441240212592085
civitai_flux_prompts_aconexx	cc12m_llavanext_paired	local	ours_cc12m	250000	184.079312	64	0.999696	2	15748159.0	627259.0	261199.0	143202.0	142861.0	0.8231148161508868	0.9989270779693864	0.2374658840399695	5.607563293662614	1.2030480123419958
civitai_flux_prompts_aconexx	cc12m_pixelprose_paired	local	ours_cc12m	250000	183.960124	64	0.999728	2	15748284.0	627259.0	261216.0	143202.0	142883.0	0.8231150771728485	0.9991518654973454	0.23741247685552203	5.606956630652821	1.1967329523094055
civitai_flux_prompts_aconexx	cc12m_qwen3vl8b_paired	local	ours_cc12m	114621	186.79190549724746	64	0.9999302047617801	3	7106364.0	620646.0	262134.0	203617.0	203610.0	0.8326203104710062	0.9999742204090577	0.17961067011905693	5.1448658828269735	0.7676522847599837
civitai_flux_prompts_aconexx	cc12m_llavanext_paired	local	ours_cc12m	250000	184.079312	64	0.999696	3	15498159.0	620646.0	262144.0	203617.0	203617.0	0.8289371014970226	0.9999999999999999	0.17584606359218347	5.230674360737141	0.7385898375242729
civitai_flux_prompts_aconexx	cc12m_pixelprose_paired	local	ours_cc12m	250000	183.960124	64	0.999728	3	15498284.0	620646.0	262144.0	203617.0	203617.0	0.8289809375024997	0.9999999999999999	0.1757477640844115	5.228711313497088	0.7379034987446397
civitai_flux_prompts_aconexx	danbooru2023_florence2_paired	local	ours_danbooru2023	250000	164.522212	128	0.832852	1	31324484.0	633872.0	89053.0	20863.0	16594.0	0.9695051321515715	0.9852919832392513	0.1665503205327159	1.529738924633308	1.4020831255490183
civitai_flux_prompts_aconexx	danbooru2023_florence2_paired	local	ours_danbooru2023	250000	164.522212	128	0.832852	2	31074484.0	627259.0	261622.0	143202.0	143041.0	0.8630088917968814	0.9995249171394904	0.2661559449742408	4.773649477351672	1.3840954647762451
civitai_flux_prompts_aconexx	danbooru2023_florence2_paired	local	ours_danbooru2023	250000	164.522212	128	0.832852	3	30824491.0	620646.0	262144.0	203617.0	203617.0	0.8514033532621834	0.9999999999999999	0.2048788911343497	4.8311436826330345	0.8782440678682184
civitai_flux_prompts_aconexx	danbooru2023_florence2_paired	local	ours_danbooru2023	250000	164.522212	64	0.998712	1	15994777.0	633872.0	52322.0	20863.0	14674.0	0.9632828266377067	0.9771562712973536	0.19162232205469668	1.8195839625379922	1.7947213561557955
civitai_flux_prompts_aconexx	danbooru2023_florence2_paired	local	ours_danbooru2023	250000	164.522212	64	0.998712	2	15744777.0	627259.0	255641.0	143202.0	140669.0	0.8644307251858775	0.9923237450558627	0.3008541686426632	4.952920322013892	1.837339634396121
civitai_flux_prompts_aconexx	danbooru2023_florence2_paired	local	ours_danbooru2023	250000	164.522212	64	0.998712	3	15494784.0	620646.0	262142.0	203617.0	203616.0	0.8550499316415116	0.9999983887755659	0.2350824343663827	4.9426372559443115	1.0445071431642614
civitai_flux_prompts_aconexx	datacomp_recap_llava15_paired_url	local	ours_datacomp_forward	250000	175.39386	128	0.912888	1	31734262.0	633872.0	96086.0	20863.0	17504.0	0.966633854601685	0.9891650049218719	0.15175470288166407	1.5475662946933613	1.1917319286098673
civitai_flux_prompts_aconexx	datacomp_recap_llava15_paired_url	local	ours_datacomp_forward	250000	175.39386	128	0.912888	2	31484262.0	627259.0	262132.0	143202.0	143198.0	0.8127189705129484	0.9999792749087699	0.23921273339686383	5.910718189018589	1.154104355032096
civitai_flux_prompts_aconexx	datacomp_recap_llava15_paired_url	local	ours_datacomp_forward	250000	175.39386	128	0.912888	3	31234263.0	620646.0	262144.0	203617.0	203617.0	0.8258748733722324	0.9999999999999999	0.17373502567865234	5.3177908996192	0.7161440144437076
civitai_flux_prompts_aconexx	datacomp_recap_llava15_paired_url	local	ours_datacomp_forward	250000	175.39386	64	0.99978	1	15998313.0	633872.0	65036.0	20863.0	16065.0	0.9661372420954495	0.9830738698030631	0.16264213277240386	1.6277850008924355	1.4225941770838735
civitai_flux_prompts_aconexx	datacomp_recap_llava15_paired_url	local	ours_datacomp_forward	250000	175.39386	64	0.99978	2	15748313.0	627259.0	261519.0	143202.0	142972.0	0.8077656317854451	0.9993575221718612	0.2526471158527305	6.130528512792515	1.262608095940713
civitai_flux_prompts_aconexx	datacomp_recap_llava15_paired_url	local	ours_datacomp_forward	250000	175.39386	64	0.99978	3	15498314.0	620646.0	262144.0	203617.0	203617.0	0.8222568596816399	0.9999999999999999	0.18147120240822096	5.473353521943752	0.7603504042030287
civitai_flux_prompts_aconexx	laion_pop_llama32_paired	local	ours_laion_pop	250000	182.806372	128	0.950208	1	31852666.0	633872.0	51346.0	20863.0	15819.0	0.9824573553748932	0.9837396193550013	0.12204841651188102	0.9711547456054797	1.1944845625183953
civitai_flux_prompts_aconexx	laion_pop_llama32_paired	local	ours_laion_pop	250000	182.806372	128	0.950208	2	31602666.0	627259.0	261968.0	143202.0	143151.0	0.8437468218662293	0.9998740552148314	0.21113674809134036	4.9159839901744995	1.036029227413755
civitai_flux_prompts_aconexx	laion_pop_llama32_paired	local	ours_laion_pop	250000	182.806372	128	0.950208	3	31352667.0	620646.0	262144.0	203617.0	203617.0	0.8380630904541552	0.9999999999999999	0.16158164182456455	4.898635128406624	0.668290806536183
civitai_flux_prompts_aconexx	laion_pop_llama32_paired	local	ours_laion_pop	250000	182.806372	64	0.999888	1	15999370.0	633872.0	35999.0	20863.0	14438.0	0.9824924981421002	0.9776721483198179	0.1342554643487438	1.0284609213624696	1.4284338562533374
civitai_flux_prompts_aconexx	laion_pop_llama32_paired	local	ours_laion_pop	250000	182.806372	64	0.999888	2	15749370.0	627259.0	259787.0	143202.0	142356.0	0.8434893586219593	0.9975544392348268	0.23003128207382284	5.029964611539556	1.2240314285878175
civitai_flux_prompts_aconexx	laion_pop_llama32_paired	local	ours_laion_pop	250000	182.806372	64	0.999888	3	15499371.0	620646.0	262144.0	203617.0	203617.0	0.8372497180692036	0.9999999999999999	0.1755288633361589	5.006529205369013	0.7412722600213527
civitai_flux_prompts_aconexx	pd12m_full_paired	local	ours_pd12m_img2dataset	250000	188.886032	128	0.945092	1	31844201.0	633872.0	99917.0	20863.0	16685.0	0.9678235293138547	0.982677890804204	0.16164387015318565	1.5581188289178651	1.566562581916965
civitai_flux_prompts_aconexx	pd12m_full_paired	local	ours_pd12m_img2dataset	250000	188.886032	128	0.945092	2	31594201.0	627259.0	262039.0	143202.0	143166.0	0.8174441252684295	0.9998884033549138	0.24967785324630037	5.836494436589028	1.2768358192781746
civitai_flux_prompts_aconexx	pd12m_full_paired	local	ours_pd12m_img2dataset	250000	188.886032	128	0.945092	3	31344201.0	620646.0	262144.0	203617.0	203617.0	0.8279705391118439	0.9999999999999999	0.17790731500279283	5.262531623071722	0.7459907741823003
civitai_flux_prompts_aconexx	pd12m_full_paired	local	ours_pd12m_img2dataset	250000	188.886032	64	0.999892	1	15998980.0	633872.0	61883.0	20863.0	14754.0	0.9681835342002912	0.9714926672889909	0.17431677430261477	1.6276423744250068	1.9570494025826692
civitai_flux_prompts_aconexx	pd12m_full_paired	local	ours_pd12m_img2dataset	250000	188.886032	64	0.999892	2	15748980.0	627259.0	259819.0	143202.0	142255.0	0.8132498739600872	0.9969916732960362	0.26840403813199143	6.07384442175882	1.4869545072102626
civitai_flux_prompts_aconexx	pd12m_full_paired	local	ours_pd12m_img2dataset	250000	188.886032	64	0.999892	3	15498980.0	620646.0	262144.0	203617.0	203617.0	0.8249885476334569	0.9999999999999999	0.18996720171396148	5.41616442793914	0.8121880967168301
civitai_flux_prompts_aconexx	cc12m_llavanext_paired	reference	ref_cc12m_llavanext	250000	72.323884	128	0.067772	1	17570707.0	633872.0	67544.0	20863.0	16503.0	0.973262544301705	0.9844558522853345	0.14261250668042252	1.285144555503123	1.2837408519171096
civitai_flux_prompts_aconexx	cc12m_llavanext_paired	reference	ref_cc12m_llavanext	250000	72.323884	128	0.067772	2	17320707.0	627259.0	258849.0	143202.0	141914.0	0.8742568071845983	0.9958852722718968	0.24769804285471622	4.3364472819690105	1.426029489053125
civitai_flux_prompts_aconexx	cc12m_llavanext_paired	reference	ref_cc12m_llavanext	250000	72.323884	128	0.067772	3	17070707.0	620646.0	262144.0	203617.0	203617.0	0.8611914550463542	0.9999999999999999	0.20702188342000535	4.584931141158477	0.9006805890518131
civitai_flux_prompts_aconexx	cc12m_llavanext_paired	reference	ref_cc12m_llavanext	250000	72.323884	64	0.577772	1	13000071.0	633872.0	58620.0	20863.0	15902.0	0.9744326780984327	0.9820657798416731	0.14654420042790178	1.2661636129244693	1.3777347488896163
civitai_flux_prompts_aconexx	cc12m_llavanext_paired	reference	ref_cc12m_llavanext	250000	72.323884	64	0.577772	2	12750071.0	627259.0	254431.0	143202.0	140142.0	0.8759539456682176	0.9902799322130009	0.2542423247353921	4.324188009063761	1.6262402313233666
civitai_flux_prompts_aconexx	cc12m_llavanext_paired	reference	ref_cc12m_llavanext	250000	72.323884	64	0.577772	3	12500071.0	620646.0	262137.0	203617.0	203611.0	0.8608626303002584	0.9999742204090576	0.2109903899456011	4.618166521490444	0.9238345971516556
civitai_flux_prompts_aconexx	cc12m_qwen3vl8b_paired	reference	ref_cc12m_qwen3vl8b	114621	11.571143158757994	128	0.0	1	1326296.0	633872.0	13187.0	20863.0	8333.0	0.9782597549866433	0.8770067142889781	0.27063636249599377	1.8388979813577897	5.131382984389509
civitai_flux_prompts_aconexx	cc12m_qwen3vl8b_paired	reference	ref_cc12m_qwen3vl8b	114621	11.571143158757994	128	0.0	2	1211675.0	627259.0	124246.0	143202.0	74020.0	0.8168279447871167	0.6541492429761117	0.406822498513666	6.911186480273997	11.446406994332033
civitai_flux_prompts_aconexx	cc12m_qwen3vl8b_paired	reference	ref_cc12m_qwen3vl8b	114621	11.571143158757994	128	0.0	3	1097054.0	620646.0	206520.0	203617.0	161220.0	0.8240651781954107	0.8042426761793288	0.304686400912458	6.1804796919846705	6.613085757728177
civitai_flux_prompts_aconexx	cc12m_qwen3vl8b_paired	reference	ref_cc12m_qwen3vl8b	114621	11.571143158757994	64	0.0	1	1326296.0	633872.0	13187.0	20863.0	8333.0	0.9782597549866433	0.8770067142889781	0.27063636249599377	1.8388979813577897	5.131382984389509
civitai_flux_prompts_aconexx	cc12m_qwen3vl8b_paired	reference	ref_cc12m_qwen3vl8b	114621	11.571143158757994	64	0.0	2	1211675.0	627259.0	124246.0	143202.0	74020.0	0.8168279447871167	0.6541492429761117	0.406822498513666	6.911186480273997	11.446406994332033
civitai_flux_prompts_aconexx	cc12m_qwen3vl8b_paired	reference	ref_cc12m_qwen3vl8b	114621	11.571143158757994	64	0.0	3	1097054.0	620646.0	206520.0	203617.0	161220.0	0.8240651781954107	0.8042426761793288	0.304686400912458	6.1804796919846705	6.613085757728177
civitai_flux_prompts_aconexx	danbooru2023_florence2_paired	reference	ref_danbooru_florence2	250000	43.72852	128	1.2e-05	1	10932124.0	633872.0	14668.0	20863.0	7159.0	0.9932543758193524	0.8765176565612377	0.2541403595153494	1.323306812630835	5.597197935223316
civitai_flux_prompts_aconexx	danbooru2023_florence2_paired	reference	ref_danbooru_florence2	250000	43.72852	128	1.2e-05	2	10682124.0	627259.0	79295.0	143202.0	50434.0	0.9483033524044371	0.5790861510156531	0.4618350310193574	4.0598604719792	14.812323933596229
civitai_flux_prompts_aconexx	danbooru2023_florence2_paired	reference	ref_danbooru_florence2	250000	43.72852	128	1.2e-05	3	10432124.0	620646.0	160767.0	203617.0	126659.0	0.9016925987459474	0.6665506585074038	0.5038207624388868	6.101384959266987	12.258977439259
civitai_flux_prompts_aconexx	danbooru2023_florence2_paired	reference	ref_danbooru_florence2	250000	43.72852	64	0.175664	1	10512467.0	633872.0	14504.0	20863.0	7098.0	0.9932542951145302	0.873726872301956	0.25786381186178203	1.3438996415458706	5.714946073828882
civitai_flux_prompts_aconexx	danbooru2023_florence2_paired	reference	ref_danbooru_florence2	250000	43.72852	64	0.175664	2	10262467.0	627259.0	78188.0	143202.0	49712.0	0.9477724020939503	0.5740053151886665	0.46555541568577197	4.11304444994546	14.96350744510089
civitai_flux_prompts_aconexx	danbooru2023_florence2_paired	reference	ref_danbooru_florence2	250000	43.72852	64	0.175664	3	10012467.0	620646.0	158691.0	203617.0	125067.0	0.900694803788114	0.6590632985630873	0.5061240247450978	6.1714826599660615	12.460483284255348
civitai_flux_prompts_aconexx	datacomp_recap_llava15_paired_url	reference	ref_datacomp_recap_llava15_llama3_8b	250000	50.780576	128	2.8e-05	1	12694582.0	633872.0	65366.0	20863.0	15227.0	0.97443208449083	0.9743639094325195	0.18324203234978403	1.4221756134814845	1.8958968642859841
civitai_flux_prompts_aconexx	datacomp_recap_llava15_paired_url	reference	ref_datacomp_recap_llava15_llama3_8b	250000	50.780576	128	2.8e-05	2	12444582.0	627259.0	246945.0	143202.0	136637.0	0.8808758703184982	0.9770270334901385	0.3066261189075498	4.5276398875410955	2.381745756525275
civitai_flux_prompts_aconexx	datacomp_recap_llava15_paired_url	reference	ref_datacomp_recap_llava15_llama3_8b	250000	50.780576	128	2.8e-05	3	12194586.0	620646.0	262063.0	203617.0	203563.0	0.8647121763707257	0.9997631500082174	0.2536150200033359	4.836378983307764	1.1670959150424651
civitai_flux_prompts_aconexx	datacomp_recap_llava15_paired_url	reference	ref_datacomp_recap_llava15_llama3_8b	250000	50.780576	64	0.262244	1	11780424.0	633872.0	61952.0	20863.0	14970.0	0.9749775559860806	0.9726869147080277	0.18528019024122527	1.417530849323011	1.9658738550825574
civitai_flux_prompts_aconexx	datacomp_recap_llava15_paired_url	reference	ref_datacomp_recap_llava15_llama3_8b	250000	50.780576	64	0.262244	2	11530424.0	627259.0	243501.0	143202.0	135089.0	0.8814463370991313	0.9712734293170586	0.31008907719563705	4.5363192238953385	2.571359203157597
civitai_flux_prompts_aconexx	datacomp_recap_llava15_paired_url	reference	ref_datacomp_recap_llava15_llama3_8b	250000	50.780576	64	0.262244	3	11280428.0	620646.0	262010.0	203617.0	203523.0	0.8647296893344808	0.9995923602182242	0.25625064538132075	4.856067982618006	1.1903115398338275
civitai_flux_prompts_aconexx	laion_pop_llama32_paired	reference	ref_laion_pop_llama32_11b	250000	180.428212	128	0.88804	1	31590388.0	633872.0	66129.0	20863.0	16700.0	0.9851112623244698	0.987170911477092	0.12383445157522507	0.887243274497631	1.1178763890497538
civitai_flux_prompts_aconexx	laion_pop_llama32_paired	reference	ref_laion_pop_llama32_11b	250000	180.428212	128	0.88804	2	31340388.0	627259.0	260519.0	143202.0	142625.0	0.8942152854010589	0.9983993852619074	0.22875503735032054	3.704885101210238	1.2637348640268193
civitai_flux_prompts_aconexx	laion_pop_llama32_paired	reference	ref_laion_pop_llama32_11b	250000	180.428212	128	0.88804	3	31090388.0	620646.0	262144.0	203617.0	203617.0	0.868899609744336	0.9999999999999999	0.19331931176295525	4.2904389885587735	0.8317198499321128
civitai_flux_prompts_aconexx	laion_pop_llama32_paired	reference	ref_laion_pop_llama32_11b	250000	180.428212	64	0.999832	1	15999633.0	633872.0	50979.0	20863.0	15651.0	0.9838058160458916	0.982731529393621	0.13151982325276276	0.9616051400770572	1.278906967910234
civitai_flux_prompts_aconexx	laion_pop_llama32_paired	reference	ref_laion_pop_llama32_11b	250000	180.428212	64	0.999832	2	15749633.0	627259.0	253732.0	143202.0	140037.0	0.8916005852326794	0.990560518063502	0.23948937869752798	3.8326072742779105	1.548191504167331
civitai_flux_prompts_aconexx	laion_pop_llama32_paired	reference	ref_laion_pop_llama32_11b	250000	180.428212	64	0.999832	3	15499633.0	620646.0	262142.0	203617.0	203616.0	0.8666156805132087	0.999998388775566	0.20040960470790053	4.3899039950905	0.8709016467260204
civitai_flux_prompts_aconexx	pd12m_full_paired	reference	ref_pd12m_full	250000	39.709492	128	4.4e-05	1	9926889.0	633872.0	22649.0	20863.0	8745.0	0.9899321932581052	0.8853617134055305	0.2315331227028798	1.2752335837194293	5.153597463436832
civitai_flux_prompts_aconexx	pd12m_full_paired	reference	ref_pd12m_full	250000	39.709492	128	4.4e-05	2	9676889.0	627259.0	114079.0	143202.0	69334.0	0.9364651180766773	0.6699879953893662	0.42163166464366164	3.9887753274794764	11.944260485041678
civitai_flux_prompts_aconexx	pd12m_full_paired	reference	ref_pd12m_full	250000	39.709492	128	4.4e-05	3	9426889.0	620646.0	209629.0	203617.0	164024.0	0.8920056234882967	0.8308359354607808	0.43308005008834705	5.5901800010297995	7.17298339538009
civitai_flux_prompts_aconexx	pd12m_full_paired	reference	ref_pd12m_full	250000	39.709492	64	0.070332	1	9767916.0	633872.0	22398.0	20863.0	8668.0	0.9898903717025985	0.8828832950497749	0.23350521235872632	1.2865925051171652	5.247686286722274
civitai_flux_prompts_aconexx	pd12m_full_paired	reference	ref_pd12m_full	250000	39.709492	64	0.070332	2	9517916.0	627259.0	112935.0	143202.0	68694.0	0.9362407695129792	0.6653009362957543	0.42375962626278163	4.0143113271513915	12.084447888035339
civitai_flux_prompts_aconexx	pd12m_full_paired	reference	ref_pd12m_full	250000	39.709492	64	0.070332	3	9267916.0	620646.0	208384.0	203617.0	163049.0	0.8914938374495376	0.8255446744198658	0.4347536462733004	5.624852717121358	7.3255662991565815
civitai_flux_prompts_aconexx	cc12m_pixelprose_paired	reference	ref_pixelprose_cc12m	250000	89.339256	128	0.137448	1	20828915.0	633872.0	71789.0	20863.0	16628.0	0.9788717271158761	0.985001703813725	0.18243338863228814	1.3222926775695583	1.6165423038928188
civitai_flux_prompts_aconexx	cc12m_pixelprose_paired	reference	ref_pixelprose_cc12m	250000	89.339256	128	0.137448	2	20578915.0	627259.0	257846.0	143202.0	141479.0	0.8924390814578864	0.99467843426718	0.2998938316040907	4.210618117724938	1.8532139001654873
civitai_flux_prompts_aconexx	cc12m_pixelprose_paired	reference	ref_pixelprose_cc12m	250000	89.339256	128	0.137448	3	20328915.0	620646.0	262143.0	203617.0	203617.0	0.8714862057320809	0.9999999999999999	0.2479775134037797	4.7070789591715885	1.112284029271096
civitai_flux_prompts_aconexx	cc12m_pixelprose_paired	reference	ref_pixelprose_cc12m	250000	89.339256	64	0.723872	1	14961546.0	633872.0	59381.0	20863.0	15786.0	0.9789720928572336	0.9806695989092472	0.1895607096116786	1.372616339690286	1.8134879043172225
civitai_flux_prompts_aconexx	cc12m_pixelprose_paired	reference	ref_pixelprose_cc12m	250000	89.339256	64	0.723872	2	14711546.0	627259.0	251645.0	143202.0	138845.0	0.8904680718124335	0.9854541744319226	0.3050077268605397	4.325927739201864	2.171171946301624
civitai_flux_prompts_aconexx	cc12m_pixelprose_paired	reference	ref_pixelprose_cc12m	250000	89.339256	64	0.723872	3	14461546.0	620646.0	262136.0	203617.0	203612.0	0.8695540573601179	0.9999774428579257	0.24827032945232763	4.800068357121574	1.1273158266041992
flux_improved_k_mktr	cc12m_qwen3vl8b_paired	local	ours_cc12m	114621	186.79190549724746	128	0.9647272314846319	1	14628299.0	1625354.0	38465.0	12905.0	10520.0	0.9447795673304036	0.9796690444049618	0.2589301659651174	2.993586443891381	2.390726536267961
flux_improved_k_mktr	cc12m_llavanext_paired	local	ours_cc12m	250000	184.079312	128	0.945212	1	31830701.0	1625354.0	75016.0	12905.0	11627.0	0.9328239425201406	0.9912505214247578	0.2692380225702898	3.399192141896332	2.112766279749837
flux_improved_k_mktr	cc12m_pixelprose_paired	local	ours_cc12m	250000	183.960124	128	0.945312	1	31831516.0	1625354.0	74929.0	12905.0	11641.0	0.932851768668504	0.9913095854809575	0.2692804678655504	3.398518338289111	2.1160225370394214
flux_improved_k_mktr	cc12m_qwen3vl8b_paired	local	ours_cc12m	114621	186.79190549724746	128	0.9647272314846319	2	14513678.0	1608048.0	259963.0	150389.0	149463.0	0.7981202972809476	0.9968589246092155	0.35077014814381285	7.228990355589835	2.3060271742660996
flux_improved_k_mktr	cc12m_llavanext_paired	local	ours_cc12m	250000	184.079312	128	0.945212	2	31580701.0	1608048.0	262108.0	150389.0	150375.0	0.7834001531504942	0.9999689064008044	0.35716730717166323	7.674219876329069	2.2389279830734132
flux_improved_k_mktr	cc12m_pixelprose_paired	local	ours_cc12m	250000	183.960124	128	0.945312	2	31581516.0	1608048.0	262107.0	150389.0	150374.0	0.7834169518651339	0.9999801000965151	0.35716925408651184	7.673470636379778	2.2380280370273793
flux_improved_k_mktr	cc12m_qwen3vl8b_paired	local	ours_cc12m	114621	186.79190549724746	128	0.9647272314846319	3	14399057.0	1590742.0	262144.0	239281.0	239281.0	0.9287861003675453	1.0000000000000002	0.21039045329763212	2.9289094383758245	1.1303094106120337
flux_improved_k_mktr	cc12m_llavanext_paired	local	ours_cc12m	250000	184.079312	128	0.945212	3	31330701.0	1590742.0	262144.0	239281.0	239281.0	0.9262609221542796	1.0000000000000002	0.21083281955872113	3.0067410192007658	1.1293979058233974
flux_improved_k_mktr	cc12m_pixelprose_paired	local	ours_cc12m	250000	183.960124	128	0.945312	3	31331516.0	1590742.0	262144.0	239281.0	239281.0	0.9263421533768114	1.0000000000000002	0.21079193832917664	3.004004490624927	1.1295047992569716
flux_improved_k_mktr	cc12m_qwen3vl8b_paired	local	ours_cc12m	114621	186.79190549724746	64	0.9999302047617801	1	7335606.0	1625354.0	29379.0	12905.0	9745.0	0.940500893859316	0.9648359680412866	0.2728292572172105	3.2331239000375893	2.8825274159414547
flux_improved_k_mktr	cc12m_llavanext_paired	local	ours_cc12m	250000	184.079312	64	0.999696	1	15998159.0	1625354.0	51961.0	12905.0	10976.0	0.9306668973598636	0.9823170829245785	0.28202156515391874	3.568956907582476	2.4625982065454
flux_improved_k_mktr	cc12m_pixelprose_paired	local	ours_cc12m	250000	183.960124	64	0.999728	1	15998284.0	1625354.0	51878.0	12905.0	10979.0	0.9307160067917146	0.9832085810228387	0.28215090975215507	3.568379578526277	2.4409817136136787
flux_improved_k_mktr	cc12m_qwen3vl8b_paired	local	ours_cc12m	114621	186.79190549724746	64	0.9999302047617801	2	7220985.0	1608048.0	250087.0	150389.0	144864.0	0.7925248425249379	0.9833574619663055	0.3654623865336205	7.514394949892734	2.799116444327999
flux_improved_k_mktr	cc12m_llavanext_paired	local	ours_cc12m	250000	184.079312	64	0.999696	2	15748159.0	1608048.0	261199.0	150389.0	149995.0	0.7787559803022025	0.9989900798981126	0.3695784144003976	7.919760026942959	2.3738373787304017
flux_improved_k_mktr	cc12m_pixelprose_paired	local	ours_cc12m	250000	183.960124	64	0.999728	2	15748284.0	1608048.0	261216.0	150389.0	149994.0	0.7786613449439922	0.9990684357680868	0.3696882196429526	7.922321300022418	2.3733143491182638
flux_improved_k_mktr	cc12m_qwen3vl8b_paired	local	ours_cc12m	114621	186.79190549724746	64	0.9999302047617801	3	7106364.0	1590742.0	262134.0	239281.0	239272.0	0.9275380489938305	0.9999666822149669	0.2211295515886263	3.0424966412724284	1.1978966160347917
flux_improved_k_mktr	cc12m_llavanext_paired	local	ours_cc12m	250000	184.079312	64	0.999696	3	15498159.0	1590742.0	262144.0	239281.0	239281.0	0.9250814241872215	1.0000000000000002	0.21913187094992775	3.106070048585306	1.1780751677220305
flux_improved_k_mktr	cc12m_pixelprose_paired	local	ours_cc12m	250000	183.960124	64	0.999728	3	15498284.0	1590742.0	262144.0	239281.0	239281.0	0.9251875239865269	1.0000000000000002	0.21912484979052493	3.102527072237131	1.179207400472089
flux_improved_k_mktr	danbooru2023_florence2_paired	local	ours_danbooru2023	250000	164.522212	128	0.832852	1	31324484.0	1625354.0	89053.0	12905.0	11285.0	0.9245983748686744	0.9879392427740855	0.30981223286009796	3.9234519347373418	2.4621385280828556
flux_improved_k_mktr	danbooru2023_florence2_paired	local	ours_danbooru2023	250000	164.522212	128	0.832852	2	31074484.0	1608048.0	261622.0	150389.0	150158.0	0.8000041770605091	0.9993594718565619	0.4087770402204984	7.770587951210482	2.6580931051258108
flux_improved_k_mktr	danbooru2023_florence2_paired	local	ours_danbooru2023	250000	164.522212	128	0.832852	3	30824491.0	1590742.0	262144.0	239281.0	239281.0	0.9290939143163793	1.0000000000000002	0.2589875106589111	3.333196175010009	1.3812396050102305
flux_improved_k_mktr	danbooru2023_florence2_paired	local	ours_danbooru2023	250000	164.522212	64	0.998712	1	15994777.0	1625354.0	52322.0	12905.0	10237.0	0.9224791317815673	0.9761639618198849	0.3273616727936789	4.088062127644434	2.945889200991893
flux_improved_k_mktr	danbooru2023_florence2_paired	local	ours_danbooru2023	250000	164.522212	64	0.998712	2	15744777.0	1608048.0	255641.0	150389.0	147339.0	0.8066288903297866	0.9917465150294	0.4303814227369718	7.800937512720287	3.0873225155851984
flux_improved_k_mktr	danbooru2023_florence2_paired	local	ours_danbooru2023	250000	164.522212	64	0.998712	3	15494784.0	1590742.0	262142.0	239281.0	239279.0	0.9299746934194112	0.9999949709003726	0.2827153160710204	3.533446571397464	1.5231063519783181
flux_improved_k_mktr	datacomp_recap_llava15_paired_url	local	ours_datacomp_forward	250000	175.39386	128	0.912888	1	31734262.0	1625354.0	96086.0	12905.0	11734.0	0.9198382807830787	0.9918030164504698	0.28375595129154774	3.878764812772929	2.2303837594306755
flux_improved_k_mktr	datacomp_recap_llava15_paired_url	local	ours_datacomp_forward	250000	175.39386	128	0.912888	2	31484262.0	1608048.0	262132.0	150389.0	150383.0	0.77156250319604	0.9999912937922257	0.36894195448038863	8.105625944516355	2.319837734166284
flux_improved_k_mktr	datacomp_recap_llava15_paired_url	local	ours_datacomp_forward	250000	175.39386	128	0.912888	3	31234263.0	1590742.0	262144.0	239281.0	239281.0	0.9240629112971231	1.0000000000000002	0.21685718156931566	3.1299278853464836	1.1608086557007087
flux_improved_k_mktr	datacomp_recap_llava15_paired_url	local	ours_datacomp_forward	250000	175.39386	64	0.99978	1	15998313.0	1625354.0	65036.0	12905.0	11041.0	0.917733075981185	0.9777359270656174	0.2968367537290609	4.052733907795241	2.719655296376415
flux_improved_k_mktr	datacomp_recap_llava15_paired_url	local	ours_datacomp_forward	250000	175.39386	64	0.99978	2	15748313.0	1608048.0	261519.0	150389.0	150111.0	0.7653545494047495	0.9991194292707682	0.38007954526276155	8.383174272753969	2.441071460995632
flux_improved_k_mktr	datacomp_recap_llava15_paired_url	local	ours_datacomp_forward	250000	175.39386	64	0.99978	3	15498314.0	1590742.0	262144.0	239281.0	239281.0	0.9221008814249092	1.0000000000000002	0.22225737634280507	3.233458332413011	1.1964896134778367
flux_improved_k_mktr	laion_pop_llama32_paired	local	ours_laion_pop	250000	182.806372	128	0.950208	1	31852666.0	1625354.0	51346.0	12905.0	11120.0	0.9517426578987072	0.9857317236736083	0.2559526963831015	2.77786880470895	2.1793009589836747
flux_improved_k_mktr	laion_pop_llama32_paired	local	ours_laion_pop	250000	182.806372	128	0.950208	2	31602666.0	1608048.0	261968.0	150389.0	150314.0	0.8021599506826405	0.999886819298927	0.3490408921890906	7.111047029419221	2.188028100700834
flux_improved_k_mktr	laion_pop_llama32_paired	local	ours_laion_pop	250000	182.806372	128	0.950208	3	31352667.0	1590742.0	262144.0	239281.0	239281.0	0.9287505908189567	1.0000000000000002	0.21024611279275812	2.9331193840100998	1.125900056567159
flux_improved_k_mktr	laion_pop_llama32_paired	local	ours_laion_pop	250000	182.806372	64	0.999888	1	15999370.0	1625354.0	35999.0	12905.0	10391.0	0.9499196530863261	0.9792457520021978	0.26942477082812477	2.9434962687332153	2.4344378352421554
flux_improved_k_mktr	laion_pop_llama32_paired	local	ours_laion_pop	250000	182.806372	64	0.999888	2	15749370.0	1608048.0	259787.0	150389.0	149374.0	0.7990181194549336	0.9972432414952783	0.36319058779165786	7.330999420354616	2.376492058325309
flux_improved_k_mktr	laion_pop_llama32_paired	local	ours_laion_pop	250000	182.806372	64	0.999888	3	15499371.0	1590742.0	262144.0	239281.0	239281.0	0.9280252727675208	1.0000000000000002	0.2207417581899117	3.038627678663898	1.1847706225092014
flux_improved_k_mktr	pd12m_full_paired	local	ours_pd12m_img2dataset	250000	188.886032	128	0.945092	1	31844201.0	1625354.0	99917.0	12905.0	11422.0	0.9372862581793081	0.9817602811448111	0.271883258702627	3.269282477817193	2.5747936191631875
flux_improved_k_mktr	pd12m_full_paired	local	ours_pd12m_img2dataset	250000	188.886032	128	0.945092	2	31594201.0	1608048.0	262039.0	150389.0	150348.0	0.7910330443235437	0.9999210222580429	0.36513766327975505	7.517062947626545	2.3697853345172177
flux_improved_k_mktr	pd12m_full_paired	local	ours_pd12m_img2dataset	250000	188.886032	128	0.945092	3	31344201.0	1590742.0	262144.0	239281.0	239281.0	0.9267708243703522	1.0000000000000002	0.2173469288151518	3.03245472996335	1.1700436613570306
flux_improved_k_mktr	pd12m_full_paired	local	ours_pd12m_img2dataset	250000	188.886032	64	0.999892	1	15998980.0	1625354.0	61883.0	12905.0	10444.0	0.9376517753006615	0.9686468301673412	0.2844182936956681	3.375356164481524	3.0398751922990095
flux_improved_k_mktr	pd12m_full_paired	local	ours_pd12m_img2dataset	250000	188.886032	64	0.999892	2	15748980.0	1608048.0	259819.0	150389.0	149377.0	0.7853817834551794	0.9972780663263777	0.3799802337148829	7.807599758968319	2.5738861185382036
flux_improved_k_mktr	pd12m_full_paired	local	ours_pd12m_img2dataset	250000	188.886032	64	0.999892	3	15498980.0	1590742.0	262144.0	239281.0	239281.0	0.925452255567786	1.0000000000000002	0.22665277992147242	3.133108273405707	1.2281693571322772
flux_improved_k_mktr	cc12m_llavanext_paired	reference	ref_cc12m_llavanext	250000	72.323884	128	0.067772	1	17570707.0	1625354.0	67544.0	12905.0	11397.0	0.934925498444643	0.9910050364411744	0.26116477748655054	3.2082460734270217	1.9107347379208017
flux_improved_k_mktr	cc12m_llavanext_paired	reference	ref_cc12m_llavanext	250000	72.323884	128	0.067772	2	17320707.0	1608048.0	258849.0	150389.0	148914.0	0.8212124366516876	0.9961655373471432	0.3814902220875826	6.991489340762492	2.4596735663543963
flux_improved_k_mktr	cc12m_llavanext_paired	reference	ref_cc12m_llavanext	250000	72.323884	128	0.067772	3	17070707.0	1590742.0	262144.0	239281.0	239281.0	0.9335213239849997	1.0000000000000002	0.26219259887688734	3.2758942104584143	1.3670800473111062
flux_improved_k_mktr	cc12m_llavanext_paired	reference	ref_cc12m_llavanext	250000	72.323884	64	0.577772	1	13000071.0	1625354.0	58620.0	12905.0	11067.0	0.9368233450417134	0.9880204558513409	0.27078186306757024	3.1985954948217508	2.110694080278055
flux_improved_k_mktr	cc12m_llavanext_paired	reference	ref_cc12m_llavanext	250000	72.323884	64	0.577772	2	12750071.0	1608048.0	254431.0	150389.0	146821.0	0.8207929979370261	0.9893112643403656	0.3907339010098827	7.069345932221734	2.7681179608676487
flux_improved_k_mktr	cc12m_llavanext_paired	reference	ref_cc12m_llavanext	250000	72.323884	64	0.577772	3	12500071.0	1590742.0	262137.0	239281.0	239274.0	0.932722622135506	0.9999905704381985	0.26649278398831894	3.319344494439174	1.4088123588403487
flux_improved_k_mktr	cc12m_qwen3vl8b_paired	reference	ref_cc12m_qwen3vl8b	114621	11.571143158757994	128	0.0	1	1326296.0	1625354.0	13187.0	12905.0	6064.0	0.9340818339192523	0.8135483100910943	0.37801395296045326	4.000945041852738	8.066090191538123
flux_improved_k_mktr	cc12m_qwen3vl8b_paired	reference	ref_cc12m_qwen3vl8b	114621	11.571143158757994	128	0.0	2	1211675.0	1608048.0	124246.0	150389.0	75246.0	0.775689025522477	0.6177452414355561	0.4928395684276215	9.093953311237524	13.570188160017958
flux_improved_k_mktr	cc12m_qwen3vl8b_paired	reference	ref_cc12m_qwen3vl8b	114621	11.571143158757994	128	0.0	3	1097054.0	1590742.0	206520.0	239281.0	188716.0	0.9281193086210854	0.7922290352552452	0.33377322788255437	3.8295491217537383	7.359802614657839
flux_improved_k_mktr	cc12m_qwen3vl8b_paired	reference	ref_cc12m_qwen3vl8b	114621	11.571143158757994	64	0.0	1	1326296.0	1625354.0	13187.0	12905.0	6064.0	0.9340818339192523	0.8135483100910943	0.37801395296045326	4.000945041852738	8.066090191538123
flux_improved_k_mktr	cc12m_qwen3vl8b_paired	reference	ref_cc12m_qwen3vl8b	114621	11.571143158757994	64	0.0	2	1211675.0	1608048.0	124246.0	150389.0	75246.0	0.775689025522477	0.6177452414355561	0.4928395684276215	9.093953311237524	13.570188160017958
flux_improved_k_mktr	cc12m_qwen3vl8b_paired	reference	ref_cc12m_qwen3vl8b	114621	11.571143158757994	64	0.0	3	1097054.0	1590742.0	206520.0	239281.0	188716.0	0.9281193086210854	0.7922290352552452	0.33377322788255437	3.8295491217537383	7.359802614657839
flux_improved_k_mktr	danbooru2023_florence2_paired	reference	ref_danbooru_florence2	250000	43.72852	128	1.2e-05	1	10932124.0	1625354.0	14668.0	12905.0	5070.0	0.9762707594608109	0.8289080409558767	0.3554294005263279	2.777750253611073	8.186895281893502
flux_improved_k_mktr	danbooru2023_florence2_paired	reference	ref_danbooru_florence2	250000	43.72852	128	1.2e-05	2	10682124.0	1608048.0	79295.0	150389.0	49353.0	0.8960166536168196	0.512678104136161	0.5644481957500924	7.260295210821307	18.127029140884904
flux_improved_k_mktr	danbooru2023_florence2_paired	reference	ref_danbooru_florence2	250000	43.72852	128	1.2e-05	3	10432124.0	1590742.0	160767.0	239281.0	147120.0	0.9410231320103166	0.6376011949140677	0.5513052733389934	6.16973935886784	13.684169621534926
flux_improved_k_mktr	danbooru2023_florence2_paired	reference	ref_danbooru_florence2	250000	43.72852	64	0.175664	1	10512467.0	1625354.0	14504.0	12905.0	5021.0	0.9765813295775155	0.8255604625206563	0.3583270428048573	2.7913626417314914	8.326169968882231
flux_improved_k_mktr	danbooru2023_florence2_paired	reference	ref_danbooru_florence2	250000	43.72852	64	0.175664	2	10262467.0	1608048.0	78188.0	150389.0	48665.0	0.8955056323201737	0.50839402803893	0.5668957200079294	7.316898536088066	18.253992836202908
flux_improved_k_mktr	danbooru2023_florence2_paired	reference	ref_danbooru_florence2	250000	43.72852	64	0.175664	3	10012467.0	1590742.0	158691.0	239281.0	145209.0	0.9410949369421134	0.6283558238859566	0.5527593692941715	6.20957939635001	13.929175911302044
flux_improved_k_mktr	datacomp_recap_llava15_paired_url	reference	ref_datacomp_recap_llava15_llama3_8b	250000	50.780576	128	2.8e-05	1	12694582.0	1625354.0	65366.0	12905.0	10336.0	0.9305366651694221	0.9684001146825938	0.3206608079810189	3.7092298715466168	3.3320634761465495
flux_improved_k_mktr	datacomp_recap_llava15_paired_url	reference	ref_datacomp_recap_llava15_llama3_8b	250000	50.780576	128	2.8e-05	2	12444582.0	1608048.0	246945.0	150389.0	142813.0	0.8108222518040334	0.9748508750982507	0.448742444453238	7.968326383964421	3.8236926229818358
flux_improved_k_mktr	datacomp_recap_llava15_paired_url	reference	ref_datacomp_recap_llava15_llama3_8b	250000	50.780576	128	2.8e-05	3	12194586.0	1590742.0	262063.0	239281.0	239207.0	0.9309430430848575	0.9997655182298578	0.3112071741577039	3.79749966397842	1.7137051757626263
flux_improved_k_mktr	datacomp_recap_llava15_paired_url	reference	ref_datacomp_recap_llava15_llama3_8b	250000	50.780576	64	0.262244	1	11780424.0	1625354.0	61952.0	12905.0	10187.0	0.9314477135967068	0.9662522748889224	0.322605737651456	3.6947931228178916	3.4423376333194335
flux_improved_k_mktr	datacomp_recap_llava15_paired_url	reference	ref_datacomp_recap_llava15_llama3_8b	250000	50.780576	64	0.262244	2	11530424.0	1608048.0	243501.0	150389.0	141065.0	0.8110752041728855	0.9675755947583599	0.45137784315669294	7.988331494030815	4.070481532845532
flux_improved_k_mktr	datacomp_recap_llava15_paired_url	reference	ref_datacomp_recap_llava15_llama3_8b	250000	50.780576	64	0.262244	3	11280428.0	1590742.0	262010.0	239281.0	239161.0	0.9310777924383716	0.9995964147548757	0.31338430736294365	3.809621156142034	1.7373540658861955
flux_improved_k_mktr	laion_pop_llama32_paired	reference	ref_laion_pop_llama32_11b	250000	180.428212	128	0.88804	1	31590388.0	1625354.0	66129.0	12905.0	11624.0	0.9595438017412061	0.9957227779301037	0.24915204838717053	2.459003487850742	1.7048065246413486
flux_improved_k_mktr	laion_pop_llama32_paired	reference	ref_laion_pop_llama32_11b	250000	180.428212	128	0.88804	2	31340388.0	1608048.0	260519.0	150389.0	149718.0	0.8419734624855295	0.9986978000656695	0.37116828539267765	6.327409661794544	2.314494290488622
flux_improved_k_mktr	laion_pop_llama32_paired	reference	ref_laion_pop_llama32_11b	250000	180.428212	128	0.88804	3	31090388.0	1590742.0	262144.0	239281.0	239281.0	0.9387763832345872	1.0000000000000002	0.25220740761331867	3.0582528284432304	1.3124875771437985
flux_improved_k_mktr	laion_pop_llama32_paired	reference	ref_laion_pop_llama32_11b	250000	180.428212	64	0.999832	1	15999633.0	1625354.0	50979.0	12905.0	10995.0	0.9573462091286578	0.9905835897901578	0.258060300703701	2.5862247440625223	1.9094981405791602
flux_improved_k_mktr	laion_pop_llama32_paired	reference	ref_laion_pop_llama32_11b	250000	180.428212	64	0.999832	2	15749633.0	1608048.0	253732.0	150389.0	146682.0	0.8381785785103651	0.9920537197894557	0.3780172053279476	6.479759299299168	2.568408811000986
flux_improved_k_mktr	laion_pop_llama32_paired	reference	ref_laion_pop_llama32_11b	250000	180.428212	64	0.999832	3	15499633.0	1590742.0	262142.0	239281.0	239279.0	0.9390394598375329	0.9999968568127331	0.256521191453346	3.0592660743216284	1.3417593103891943
flux_improved_k_mktr	pd12m_full_paired	reference	ref_pd12m_full	250000	39.709492	128	4.4e-05	1	9926889.0	1625354.0	22649.0	12905.0	6373.0	0.9745991921537307	0.8418018474743365	0.33365591223481283	2.6373486459772386	7.57747137374352
flux_improved_k_mktr	pd12m_full_paired	reference	ref_pd12m_full	250000	39.709492	128	4.4e-05	2	9676889.0	1608048.0	114079.0	150389.0	69749.0	0.8849421544465295	0.6321359810154603	0.5308073042732713	7.046532317282418	14.401567582970644
flux_improved_k_mktr	pd12m_full_paired	reference	ref_pd12m_full	250000	39.709492	128	4.4e-05	3	9426889.0	1590742.0	209629.0	239281.0	191669.0	0.9487055591722772	0.8215970911687719	0.4816108209332531	5.03822370100057	8.019371705537825
flux_improved_k_mktr	pd12m_full_paired	reference	ref_pd12m_full	250000	39.709492	64	0.070332	1	9767916.0	1625354.0	22398.0	12905.0	6320.0	0.9747696438011706	0.837877779240586	0.3351949122936746	2.6435078796820117	7.722088270930032
flux_improved_k_mktr	pd12m_full_paired	reference	ref_pd12m_full	250000	39.709492	64	0.070332	2	9517916.0	1608048.0	112935.0	150389.0	69070.0	0.8847925323148385	0.6260559386286663	0.5322324788401497	7.071332962817072	14.582370810612806
flux_improved_k_mktr	pd12m_full_paired	reference	ref_pd12m_full	250000	39.709492	64	0.070332	3	9267916.0	1590742.0	208384.0	239281.0	190527.0	0.9488267912656942	0.8169885499974194	0.48279283060313555	5.055180197015608	8.150711876418093
flux_improved_k_mktr	cc12m_pixelprose_paired	reference	ref_pixelprose_cc12m	250000	89.339256	128	0.137448	1	20828915.0	1625354.0	71789.0	12905.0	11205.0	0.9425272991896017	0.9864466448538681	0.3202066453541209	3.405123856615906	2.8629664556148464
flux_improved_k_mktr	cc12m_pixelprose_paired	reference	ref_pixelprose_cc12m	250000	89.339256	128	0.137448	2	20578915.0	1608048.0	257846.0	150389.0	148308.0	0.8108448866230289	0.9909940499288571	0.45211216413501565	8.060364203374563	3.3853195030453467
flux_improved_k_mktr	cc12m_pixelprose_paired	reference	ref_pixelprose_cc12m	250000	89.339256	128	0.137448	3	20328915.0	1590742.0	262143.0	239281.0	239280.0	0.9339158533546924	0.9999987427250935	0.30932619716990944	3.872484182672466	1.6661267821077101
flux_improved_k_mktr	cc12m_pixelprose_paired	reference	ref_pixelprose_cc12m	250000	89.339256	64	0.723872	1	14961546.0	1625354.0	59381.0	12905.0	10720.0	0.9430608307456845	0.9769914738572667	0.3255341622036653	3.4285001179411063	3.2580962751325924
flux_improved_k_mktr	cc12m_pixelprose_paired	reference	ref_pixelprose_cc12m	250000	89.339256	64	0.723872	2	14711546.0	1608048.0	251645.0	150389.0	145242.0	0.810425906291558	0.9804396386177501	0.4565754841165818	8.114506340584702	3.7726081119071484
flux_improved_k_mktr	cc12m_pixelprose_paired	reference	ref_pixelprose_cc12m	250000	89.339256	64	0.723872	3	14461546.0	1590742.0	262136.0	239281.0	239273.0	0.93337219962513	0.9999867986134778	0.30953467239024424	3.880148146565385	1.6869032089585854
flux_prompts_chrisgoringe	cc12m_qwen3vl8b_paired	local	ours_cc12m	114621	186.79190549724746	128	0.9647272314846319	1	14628299.0	450532.0	38465.0	17921.0	12953.0	0.969636592743953	0.9720175259466219	0.1548660849049891	1.4646455481938938	1.7801833312946527
flux_prompts_chrisgoringe	cc12m_llavanext_paired	local	ours_cc12m	250000	184.079312	128	0.945212	1	31830701.0	450532.0	75016.0	17921.0	14818.0	0.9650830812679803	0.9836437811294579	0.1527320570282557	1.5693957059782544	1.413737988509859
flux_prompts_chrisgoringe	cc12m_pixelprose_paired	local	ours_cc12m	250000	183.960124	128	0.945312	1	31831516.0	450532.0	74929.0	17921.0	14839.0	0.9651002798609962	0.9837392238505075	0.15273020575498175	1.568970031828772	1.411288779774246
flux_prompts_chrisgoringe	cc12m_qwen3vl8b_paired	local	ours_cc12m	114621	186.79190549724746	128	0.9647272314846319	2	14513678.0	444151.0	259963.0	109985.0	109423.0	0.7505099672185038	0.9973004676337512	0.2716821676078217	7.552500664795736	1.4893681179154132
flux_prompts_chrisgoringe	cc12m_llavanext_paired	local	ours_cc12m	250000	184.079312	128	0.945212	2	31580701.0	444151.0	262108.0	109985.0	109978.0	0.7404273894996798	0.9999774851345593	0.2698956870063913	7.801787774242706	1.3565776992500638
flux_prompts_chrisgoringe	cc12m_pixelprose_paired	local	ours_cc12m	250000	183.960124	128	0.945312	2	31581516.0	444151.0	262107.0	109985.0	109970.0	0.7404140447216	0.9999504672960315	0.26985518535346964	7.801813169994055	1.3574116556947415
flux_prompts_chrisgoringe	cc12m_qwen3vl8b_paired	local	ours_cc12m	114621	186.79190549724746	128	0.9647272314846319	3	14399057.0	437770.0	262144.0	159969.0	159969.0	0.6873934174994922	0.9999999999999993	0.23279812043623946	9.01492386465774	0.9858546047151575
flux_prompts_chrisgoringe	cc12m_llavanext_paired	local	ours_cc12m	250000	184.079312	128	0.945212	3	31330701.0	437770.0	262144.0	159969.0	159969.0	0.6823791143389992	0.9999999999999993	0.23119047984761149	9.141477055749865	0.967142478274011
flux_prompts_chrisgoringe	cc12m_pixelprose_paired	local	ours_cc12m	250000	183.960124	128	0.945312	3	31331516.0	437770.0	262144.0	159969.0	159969.0	0.6822529110943752	0.9999999999999993	0.23116479325489997	9.144588959294017	0.9667463322176214
flux_prompts_chrisgoringe	cc12m_qwen3vl8b_paired	local	ours_cc12m	114621	186.79190549724746	64	0.9999302047617801	1	7335606.0	450532.0	29379.0	17921.0	11898.0	0.9682307092283527	0.9613479175725079	0.1660638909078757	1.5642253872298224	2.128070841820485
flux_prompts_chrisgoringe	cc12m_llavanext_paired	local	ours_cc12m	250000	184.079312	64	0.999696	1	15998159.0	450532.0	51961.0	17921.0	13806.0	0.9646300552457175	0.9770959665457628	0.1624589226570906	1.6380064615973018	1.645428948293565
flux_prompts_chrisgoringe	cc12m_pixelprose_paired	local	ours_cc12m	250000	183.960124	64	0.999728	1	15998284.0	450532.0	51878.0	17921.0	13845.0	0.9646529590298419	0.9770582333769755	0.1625010401299966	1.6375405007678996	1.6468412578556888
flux_prompts_chrisgoringe	cc12m_qwen3vl8b_paired	local	ours_cc12m	114621	186.79190549724746	64	0.9999302047617801	2	7220985.0	444151.0	250087.0	109985.0	106533.0	0.7460917035556661	0.9817179292627786	0.2872894273625989	7.773499310593737	2.0163128810643856
flux_prompts_chrisgoringe	cc12m_llavanext_paired	local	ours_cc12m	250000	184.079312	64	0.999696	2	15748159.0	444151.0	261199.0	109985.0	109737.0	0.737665399492088	0.9987774428066108	0.2827811178302007	7.960124419415475	1.4774280117296716
flux_prompts_chrisgoringe	cc12m_pixelprose_paired	local	ours_cc12m	250000	183.960124	64	0.999728	2	15748284.0	444151.0	261216.0	109985.0	109733.0	0.7375764876985913	0.9987864487527869	0.2827340995401708	7.961860901481413	1.4766439477407953
flux_prompts_chrisgoringe	cc12m_qwen3vl8b_paired	local	ours_cc12m	114621	186.79190549724746	64	0.9999302047617801	3	7106364.0	437770.0	262134.0	159969.0	159963.0	0.6855600135315298	0.999974872650021	0.24411411960811633	9.138545506649374	1.0537070443875893
flux_prompts_chrisgoringe	cc12m_llavanext_paired	local	ours_cc12m	250000	184.079312	64	0.999696	3	15498159.0	437770.0	262144.0	159969.0	159969.0	0.6810365024645821	0.9999999999999993	0.24022177020953617	9.238494117400913	1.018576847955038
flux_prompts_chrisgoringe	cc12m_pixelprose_paired	local	ours_cc12m	250000	183.960124	64	0.999728	3	15498284.0	437770.0	262144.0	159969.0	159969.0	0.6809306759380579	0.9999999999999993	0.2401418833944029	9.240629087425564	1.0178043871696028
flux_prompts_chrisgoringe	danbooru2023_florence2_paired	local	ours_danbooru2023	250000	164.522212	128	0.832852	1	31324484.0	450532.0	89053.0	17921.0	14568.0	0.9633628122972364	0.9814774533214767	0.18639351098897255	1.783304673118316	1.7141016121962913
flux_prompts_chrisgoringe	danbooru2023_florence2_paired	local	ours_danbooru2023	250000	164.522212	128	0.832852	2	31074484.0	444151.0	261622.0	109985.0	109868.0	0.7930529111923441	0.9995069244468647	0.30931716020792155	6.746733656577137	1.6955631203694193
flux_prompts_chrisgoringe	danbooru2023_florence2_paired	local	ours_danbooru2023	250000	164.522212	128	0.832852	3	30824491.0	437770.0	262144.0	159969.0	159969.0	0.7123215108401948	0.9999999999999993	0.26723745351867756	8.636478976728405	1.1755775188468602
flux_prompts_chrisgoringe	danbooru2023_florence2_paired	local	ours_danbooru2023	250000	164.522212	64	0.998712	1	15994777.0	450532.0	52322.0	17921.0	13035.0	0.9583512167753122	0.9707612333858585	0.21027572791750226	2.03467421689743	2.1713126305832295
flux_prompts_chrisgoringe	danbooru2023_florence2_paired	local	ours_danbooru2023	250000	164.522212	64	0.998712	2	15744777.0	444151.0	255641.0	109985.0	108195.0	0.7947518088061779	0.9917010205988399	0.3395712945499373	6.912130387064231	2.15170207761249
flux_prompts_chrisgoringe	danbooru2023_florence2_paired	local	ours_danbooru2023	250000	164.522212	64	0.998712	3	15494784.0	437770.0	262142.0	159969.0	159968.0	0.7180774510957995	0.9999954313909124	0.293417846227873	8.690884234152524	1.3345688823188124
flux_prompts_chrisgoringe	datacomp_recap_llava15_paired_url	local	ours_datacomp_forward	250000	175.39386	128	0.912888	1	31734262.0	450532.0	96086.0	17921.0	15201.0	0.958565319716582	0.9854172400624984	0.16907720499146342	1.831206738034404	1.4532488584017291
flux_prompts_chrisgoringe	datacomp_recap_llava15_paired_url	local	ours_datacomp_forward	250000	175.39386	128	0.912888	2	31484262.0	444151.0	262132.0	109985.0	109983.0	0.72672861126616	0.999986491080735	0.2856898748495691	8.279434955698447	1.4312454400221661
flux_prompts_chrisgoringe	datacomp_recap_llava15_paired_url	local	ours_datacomp_forward	250000	175.39386	128	0.912888	3	31234263.0	437770.0	262144.0	159969.0	159969.0	0.6750767258379042	0.9999999999999993	0.2390385395641727	9.408082950797892	1.0005745769922731
flux_prompts_chrisgoringe	datacomp_recap_llava15_paired_url	local	ours_datacomp_forward	250000	175.39386	64	0.99978	1	15998313.0	450532.0	65036.0	17921.0	14103.0	0.957670286860857	0.978387772677209	0.17871210951832606	1.9208715633318962	1.6979970868621346
flux_prompts_chrisgoringe	datacomp_recap_llava15_paired_url	local	ours_datacomp_forward	250000	175.39386	64	0.99978	2	15748313.0	444151.0	261519.0	109985.0	109819.0	0.7202504801625372	0.9991849618710738	0.2968537666345204	8.530379409782107	1.5294353483591956
flux_prompts_chrisgoringe	datacomp_recap_llava15_paired_url	local	ours_datacomp_forward	250000	175.39386	64	0.99978	3	15498314.0	437770.0	262144.0	159969.0	159969.0	0.6714518753459242	0.9999999999999993	0.24542933631058633	9.554268245051578	1.0381874437831318
flux_prompts_chrisgoringe	laion_pop_llama32_paired	local	ours_laion_pop	250000	182.806372	128	0.950208	1	31852666.0	450532.0	51346.0	17921.0	13868.0	0.9754776256404967	0.9781502756736363	0.14419359621636194	1.2521133417616872	1.555710034686107
flux_prompts_chrisgoringe	laion_pop_llama32_paired	local	ours_laion_pop	250000	182.806372	128	0.950208	2	31602666.0	444151.0	261968.0	109985.0	109944.0	0.762038209054892	0.9998446474284637	0.2627321232903637	7.200970011131383	1.3567704846581252
flux_prompts_chrisgoringe	laion_pop_llama32_paired	local	ours_laion_pop	250000	182.806372	128	0.950208	3	31352667.0	437770.0	262144.0	159969.0	159969.0	0.6912788312394601	0.9999999999999993	0.22938397642761965	8.896648556517661	0.9668059195277107
flux_prompts_chrisgoringe	laion_pop_llama32_paired	local	ours_laion_pop	250000	182.806372	64	0.999888	1	15999370.0	450532.0	35999.0	17921.0	12811.0	0.9753453417228162	0.9707501353950028	0.1544648087814248	1.310998848384721	1.8089643731079643
flux_prompts_chrisgoringe	laion_pop_llama32_paired	local	ours_laion_pop	250000	182.806372	64	0.999888	2	15749370.0	444151.0	259787.0	109985.0	109382.0	0.7609111348580874	0.9970077743830322	0.27835479505334426	7.334004900885658	1.5409601490221494
flux_prompts_chrisgoringe	laion_pop_llama32_paired	local	ours_laion_pop	250000	182.806372	64	0.999888	3	15499371.0	437770.0	262144.0	159969.0	159969.0	0.6911974040753	0.9999999999999993	0.24110548991081016	8.980385783651304	1.0315019996947585
flux_prompts_chrisgoringe	pd12m_full_paired	local	ours_pd12m_img2dataset	250000	188.886032	128	0.945092	1	31844201.0	450532.0	99917.0	17921.0	14587.0	0.9587438541792831	0.9768695675331468	0.18061277473991025	1.8803409922500007	1.9289002237649397
flux_prompts_chrisgoringe	pd12m_full_paired	local	ours_pd12m_img2dataset	250000	188.886032	128	0.945092	2	31594201.0	444151.0	262039.0	109985.0	109963.0	0.7314634100099549	0.9999031860786074	0.29508712836612583	8.201496882788772	1.563212932336471
flux_prompts_chrisgoringe	pd12m_full_paired	local	ours_pd12m_img2dataset	250000	188.886032	128	0.945092	3	31344201.0	437770.0	262144.0	159969.0	159969.0	0.6786715029041575	0.9999999999999993	0.24264296718267647	9.310952177477695	1.0328263198096386
flux_prompts_chrisgoringe	pd12m_full_paired	local	ours_pd12m_img2dataset	250000	188.886032	64	0.999892	1	15998980.0	450532.0	61883.0	17921.0	13040.0	0.9587231811027813	0.9623489563445202	0.1922365135716944	1.9603926233851423	2.39907954565536
flux_prompts_chrisgoringe	pd12m_full_paired	local	ours_pd12m_img2dataset	250000	188.886032	64	0.999892	2	15748980.0	444151.0	259819.0	109985.0	109310.0	0.7257909401116723	0.9964876809913708	0.3111777430153097	8.471688348203982	1.774361272176279
flux_prompts_chrisgoringe	pd12m_full_paired	local	ours_pd12m_img2dataset	250000	188.886032	64	0.999892	3	15498980.0	437770.0	262144.0	159969.0	159969.0	0.6741544927472641	0.9999999999999993	0.2529071178827349	9.499559437552497	1.0918710611413975
flux_prompts_chrisgoringe	cc12m_llavanext_paired	reference	ref_cc12m_llavanext	250000	72.323884	128	0.067772	1	17570707.0	450532.0	67544.0	17921.0	14416.0	0.9662369305913404	0.9803720934357834	0.14958633492930495	1.4862072865564087	1.492634269326323
flux_prompts_chrisgoringe	cc12m_llavanext_paired	reference	ref_cc12m_llavanext	250000	72.323884	128	0.067772	2	17320707.0	444151.0	258849.0	109985.0	109104.0	0.8130296297951294	0.9952561178518065	0.27833073363584704	5.990784644380837	1.683126082620087
flux_prompts_chrisgoringe	cc12m_llavanext_paired	reference	ref_cc12m_llavanext	250000	72.323884	128	0.067772	3	17070707.0	437770.0	262144.0	159969.0	159969.0	0.741807998930564	0.9999999999999993	0.26060174928416197	7.810251269815961	1.1682280356695725
flux_prompts_chrisgoringe	cc12m_llavanext_paired	reference	ref_cc12m_llavanext	250000	72.323884	64	0.577772	1	13000071.0	450532.0	58620.0	17921.0	13962.0	0.9676436382539579	0.9778017987619129	0.15296001830190328	1.4585089470929566	1.5906823621423039
flux_prompts_chrisgoringe	cc12m_llavanext_paired	reference	ref_cc12m_llavanext	250000	72.323884	64	0.577772	2	12750071.0	444151.0	254431.0	109985.0	107877.0	0.815542909525751	0.9889564585017141	0.2834409280087552	5.952742096270685	1.8948887879183225
flux_prompts_chrisgoringe	cc12m_llavanext_paired	reference	ref_cc12m_llavanext	250000	72.323884	64	0.577772	3	12500071.0	437770.0	262137.0	159969.0	159966.0	0.740574273538124	0.9999862941727384	0.2636784864206089	7.865525861777299	1.1867173496588896
flux_prompts_chrisgoringe	cc12m_qwen3vl8b_paired	reference	ref_cc12m_qwen3vl8b	114621	11.571143158757994	128	0.0	1	1326296.0	450532.0	13187.0	17921.0	7709.0	0.969750342306517	0.8716428577765497	0.27111297601721224	2.0555937602618704	5.308770493672084
flux_prompts_chrisgoringe	cc12m_qwen3vl8b_paired	reference	ref_cc12m_qwen3vl8b	114621	11.571143158757994	128	0.0	2	1211675.0	444151.0	124246.0	109985.0	58256.0	0.734860420492226	0.6531292285730592	0.4218221599177491	9.068048847625269	11.605676349142035
flux_prompts_chrisgoringe	cc12m_qwen3vl8b_paired	reference	ref_cc12m_qwen3vl8b	114621	11.571143158757994	128	0.0	3	1097054.0	437770.0	206520.0	159969.0	126993.0	0.6874875803743297	0.8077574982296517	0.3468410121295371	9.832374137691048	6.75230674769151
flux_prompts_chrisgoringe	cc12m_qwen3vl8b_paired	reference	ref_cc12m_qwen3vl8b	114621	11.571143158757994	64	0.0	1	1326296.0	450532.0	13187.0	17921.0	7709.0	0.969750342306517	0.8716428577765497	0.27111297601721224	2.0555937602618704	5.308770493672084
flux_prompts_chrisgoringe	cc12m_qwen3vl8b_paired	reference	ref_cc12m_qwen3vl8b	114621	11.571143158757994	64	0.0	2	1211675.0	444151.0	124246.0	109985.0	58256.0	0.734860420492226	0.6531292285730592	0.4218221599177491	9.068048847625269	11.605676349142035
flux_prompts_chrisgoringe	cc12m_qwen3vl8b_paired	reference	ref_cc12m_qwen3vl8b	114621	11.571143158757994	64	0.0	3	1097054.0	437770.0	206520.0	159969.0	126993.0	0.6874875803743297	0.8077574982296517	0.3468410121295371	9.832374137691048	6.75230674769151
flux_prompts_chrisgoringe	danbooru2023_florence2_paired	reference	ref_danbooru_florence2	250000	43.72852	128	1.2e-05	1	10932124.0	450532.0	14668.0	17921.0	6678.0	0.9920484802404143	0.8704331767772018	0.2585268845863384	1.3541428033289573	5.840210573350032
flux_prompts_chrisgoringe	danbooru2023_florence2_paired	reference	ref_danbooru_florence2	250000	43.72852	128	1.2e-05	2	10682124.0	444151.0	79295.0	109985.0	40513.0	0.9312628275050792	0.5712291540488018	0.46743631338357683	4.494869883365183	15.212835942947098
flux_prompts_chrisgoringe	danbooru2023_florence2_paired	reference	ref_danbooru_florence2	250000	43.72852	128	1.2e-05	3	10432124.0	437770.0	160767.0	159969.0	100593.0	0.8271083625923104	0.6672293670191781	0.5192093024706605	8.117666907823198	12.491601604743845
flux_prompts_chrisgoringe	danbooru2023_florence2_paired	reference	ref_danbooru_florence2	250000	43.72852	64	0.175664	1	10512467.0	450532.0	14504.0	17921.0	6624.0	0.9920573353523733	0.867851784112531	0.2619324481844844	1.372755917977739	5.945627100135068
flux_prompts_chrisgoringe	danbooru2023_florence2_paired	reference	ref_danbooru_florence2	250000	43.72852	64	0.175664	2	10262467.0	444151.0	78188.0	109985.0	39936.0	0.9307849662269186	0.5664109728446621	0.4705914598478015	4.542545669650174	15.348757031349718
flux_prompts_chrisgoringe	danbooru2023_florence2_paired	reference	ref_danbooru_florence2	250000	43.72852	64	0.175664	3	10012467.0	437770.0	158691.0	159969.0	99317.0	0.8272662471696478	0.6591269388034486	0.5212094992650111	8.152939827413018	12.707282386311006
flux_prompts_chrisgoringe	datacomp_recap_llava15_paired_url	reference	ref_datacomp_recap_llava15_llama3_8b	250000	50.780576	128	2.8e-05	1	12694582.0	450532.0	65366.0	17921.0	13486.0	0.9686007778751413	0.9706768886556575	0.18675211582197804	1.5768004876839485	2.046873563917054
flux_prompts_chrisgoringe	datacomp_recap_llava15_paired_url	reference	ref_datacomp_recap_llava15_llama3_8b	250000	50.780576	128	2.8e-05	2	12444582.0	444151.0	246945.0	109985.0	105309.0	0.8246293045439292	0.9756884482979682	0.32866157988049904	6.025500687865095	2.607773837241498
flux_prompts_chrisgoringe	datacomp_recap_llava15_paired_url	reference	ref_datacomp_recap_llava15_llama3_8b	250000	50.780576	128	2.8e-05	3	12194586.0	437770.0	262063.0	159969.0	159924.0	0.7463536687510314	0.9997921282865423	0.30100611797329857	8.024126573448928	1.419202065314562
flux_prompts_chrisgoringe	datacomp_recap_llava15_paired_url	reference	ref_datacomp_recap_llava15_llama3_8b	250000	50.780576	64	0.262244	1	11780424.0	450532.0	61952.0	17921.0	13301.0	0.9691350667853522	0.9692807614105272	0.1888126771760797	1.573244630787059	2.108387394830849
flux_prompts_chrisgoringe	datacomp_recap_llava15_paired_url	reference	ref_datacomp_recap_llava15_llama3_8b	250000	50.780576	64	0.262244	2	11530424.0	444151.0	243501.0	109985.0	104166.0	0.8250864842437621	0.9696589673331569	0.33168696156595046	6.03740921672114	2.8032367827194538
flux_prompts_chrisgoringe	datacomp_recap_llava15_paired_url	reference	ref_datacomp_recap_llava15_llama3_8b	250000	50.780576	64	0.262244	3	11280428.0	437770.0	262010.0	159969.0	159898.0	0.7458636321245936	0.9996619229275641	0.3033502237041644	8.057340212556932	1.4408257841817054
flux_prompts_chrisgoringe	laion_pop_llama32_paired	reference	ref_laion_pop_llama32_11b	250000	180.428212	128	0.88804	1	31590388.0	450532.0	66129.0	17921.0	14618.0	0.979732822528162	0.9828758001647124	0.13933919253076385	1.0892825354227311	1.3917462792086777
flux_prompts_chrisgoringe	laion_pop_llama32_paired	reference	ref_laion_pop_llama32_11b	250000	180.428212	128	0.88804	2	31340388.0	444151.0	260519.0	109985.0	109593.0	0.8383985865139865	0.9983451573901637	0.26767702172440755	5.270028379178963	1.5629123932505848
flux_prompts_chrisgoringe	laion_pop_llama32_paired	reference	ref_laion_pop_llama32_11b	250000	180.428212	128	0.88804	3	31090388.0	437770.0	262144.0	159969.0	159969.0	0.7498129003729376	0.9999999999999993	0.25262011750128016	7.543971005379863	1.1213975927941886
flux_prompts_chrisgoringe	laion_pop_llama32_paired	reference	ref_laion_pop_llama32_11b	250000	180.428212	64	0.999832	1	15999633.0	450532.0	50979.0	17921.0	13770.0	0.9785555706183869	0.9778928022866176	0.1447528226329909	1.1514460285725119	1.5489529565423246
flux_prompts_chrisgoringe	laion_pop_llama32_paired	reference	ref_laion_pop_llama32_11b	250000	180.428212	64	0.999832	2	15749633.0	444151.0	253732.0	109985.0	107706.0	0.8345988760499943	0.9896611737899814	0.27522796557921997	5.418295669347697	1.850914183712212
flux_prompts_chrisgoringe	laion_pop_llama32_paired	reference	ref_laion_pop_llama32_11b	250000	180.428212	64	0.999832	3	15499633.0	437770.0	262142.0	159969.0	159967.0	0.7464987719386629	0.9999931470863689	0.2579273518521098	7.665606240359764	1.153168729556075
flux_prompts_chrisgoringe	pd12m_full_paired	reference	ref_pd12m_full	250000	39.709492	128	4.4e-05	1	9926889.0	450532.0	22649.0	17921.0	8047.0	0.9883810527144765	0.8792738362642207	0.23465322623411955	1.307277310580839	5.396567290711476
flux_prompts_chrisgoringe	pd12m_full_paired	reference	ref_pd12m_full	250000	39.709492	128	4.4e-05	2	9676889.0	444151.0	114079.0	109985.0	54817.0	0.899328286187831	0.6643641464275433	0.4290998499324807	4.944904660562548	12.281781802235662
flux_prompts_chrisgoringe	pd12m_full_paired	reference	ref_pd12m_full	250000	39.709492	128	4.4e-05	3	9426889.0	437770.0	209629.0	159969.0	129723.0	0.7981343580050585	0.8320305183086812	0.4557156640102049	8.115386917780485	7.386344991830511
flux_prompts_chrisgoringe	pd12m_full_paired	reference	ref_pd12m_full	250000	39.709492	64	0.070332	1	9767916.0	450532.0	22398.0	17921.0	7968.0	0.9883569842328452	0.8770919712690602	0.23647287892777943	1.3173167299982649	5.479528457055034
flux_prompts_chrisgoringe	pd12m_full_paired	reference	ref_pd12m_full	250000	39.709492	64	0.070332	2	9517916.0	444151.0	112935.0	109985.0	54308.0	0.8989948009627184	0.6600277833438171	0.43094728140544686	4.971336978959629	12.408489476372369
flux_prompts_chrisgoringe	pd12m_full_paired	reference	ref_pd12m_full	250000	39.709492	64	0.070332	3	9267916.0	437770.0	208384.0	159969.0	128965.0	0.7977556119412335	0.827155812412891	0.4571665522706219	8.145348340659869	7.525876042639123
flux_prompts_chrisgoringe	cc12m_pixelprose_paired	reference	ref_pixelprose_cc12m	250000	89.339256	128	0.137448	1	20828915.0	450532.0	71789.0	17921.0	14563.0	0.9740644675922763	0.981615068407603	0.18426886663747705	1.4424662616109711	1.7471978990930837
flux_prompts_chrisgoringe	cc12m_pixelprose_paired	reference	ref_pixelprose_cc12m	250000	89.339256	128	0.137448	2	20578915.0	444151.0	257846.0	109985.0	108798.0	0.8411599445354577	0.9943127449898728	0.3216391538667004	5.5853105370856175	2.0378622634325114
flux_prompts_chrisgoringe	cc12m_pixelprose_paired	reference	ref_pixelprose_cc12m	250000	89.339256	128	0.137448	3	20328915.0	437770.0	262143.0	159969.0	159968.0	0.7348819157343114	0.9999977156954559	0.2957681102847982	8.39788930653755	1.3582932041210234
flux_prompts_chrisgoringe	cc12m_pixelprose_paired	reference	ref_pixelprose_cc12m	250000	89.339256	64	0.723872	1	14961546.0	450532.0	59381.0	17921.0	13917.0	0.9740292213117395	0.9770249394045329	0.19129345699931166	1.4976329111006965	1.9467189583632223
flux_prompts_chrisgoringe	cc12m_pixelprose_paired	reference	ref_pixelprose_cc12m	250000	89.339256	64	0.723872	2	14711546.0	444151.0	251645.0	109985.0	106899.0	0.8383981533959719	0.9846426102834245	0.3259013979795682	5.721036470946905	2.359288840740731
flux_prompts_chrisgoringe	cc12m_pixelprose_paired	reference	ref_pixelprose_cc12m	250000	89.339256	64	0.723872	3	14461546.0	437770.0	262136.0	159969.0	159963.0	0.7236950323291836	0.9999680197363906	0.2958091845675802	8.742251382269055	1.3704422865040902
flux_prompts_regpeter	cc12m_qwen3vl8b_paired	local	ours_cc12m	114621	186.79190549724746	128	0.9647272314846319	1	14628299.0	334396.0	38465.0	2152.0	1906.0	0.7012739485294788	0.9983911290798235	0.31415257052599466	10.121193393524488	1.8457708171990068
flux_prompts_regpeter	cc12m_llavanext_paired	local	ours_cc12m	250000	184.079312	128	0.945212	1	31830701.0	334396.0	75016.0	2152.0	2014.0	0.7023461091855887	0.9994706874478553	0.3080964535421586	10.001661305730973	1.735597260743682
flux_prompts_regpeter	cc12m_pixelprose_paired	local	ours_cc12m	250000	183.960124	128	0.945312	1	31831516.0	334396.0	74929.0	2152.0	2009.0	0.7022094078082812	0.9994557351158891	0.3081372904623937	10.005974263949938	1.736735096372716
flux_prompts_regpeter	cc12m_qwen3vl8b_paired	local	ours_cc12m	114621	186.79190549724746	128	0.9647272314846319	2	14513678.0	331425.0	259963.0	12088.0	12067.0	0.29679968096301546	0.9999215508787741	0.5225266963274106	20.660476010191772	3.7792768901788967
flux_prompts_regpeter	cc12m_llavanext_paired	local	ours_cc12m	250000	184.079312	128	0.945212	2	31580701.0	331425.0	262108.0	12088.0	12088.0	0.29802052209037216	0.9999999999999997	0.5192139426331108	20.540312998244826	3.684434860102266
flux_prompts_regpeter	cc12m_pixelprose_paired	local	ours_cc12m	250000	183.960124	128	0.945312	2	31581516.0	331425.0	262107.0	12088.0	12088.0	0.29783503743138673	0.9999999999999997	0.5192812654980798	20.54544398627185	3.6834731240598924
flux_prompts_regpeter	cc12m_qwen3vl8b_paired	local	ours_cc12m	114621	186.79190549724746	128	0.9647272314846319	3	14399057.0	328454.0	262144.0	28328.0	28328.0	0.16891404763520176	0.9999999999999998	0.5651222490690688	23.49648878234996	4.1306966526158195
flux_prompts_regpeter	cc12m_llavanext_paired	local	ours_cc12m	250000	184.079312	128	0.945212	3	31330701.0	328454.0	262144.0	28328.0	28328.0	0.16906541605947428	0.9999999999999998	0.5634990543026374	23.462328637972263	4.080564965230859
flux_prompts_regpeter	cc12m_pixelprose_paired	local	ours_cc12m	250000	183.960124	128	0.945312	3	31331516.0	328454.0	262144.0	28328.0	28328.0	0.16903331457054258	0.9999999999999998	0.5635201878954342	23.463072910838555	4.081649704992604
flux_prompts_regpeter	cc12m_qwen3vl8b_paired	local	ours_cc12m	114621	186.79190549724746	64	0.9999302047617801	1	7335606.0	334396.0	29379.0	2152.0	1836.0	0.6876463921317229	0.9960166987636463	0.3312398971698703	10.619937072651506	2.0938120082354197
flux_prompts_regpeter	cc12m_llavanext_paired	local	ours_cc12m	250000	184.079312	64	0.999696	1	15998159.0	334396.0	51961.0	2152.0	1957.0	0.69128566605694	0.9990041746904568	0.32402336644748997	10.414430393596014	1.9094439454738548
flux_prompts_regpeter	cc12m_pixelprose_paired	local	ours_cc12m	250000	183.960124	64	0.999728	1	15998284.0	334396.0	51878.0	2152.0	1955.0	0.6910417392265213	0.9978139690659883	0.32415860195936375	10.422231969990838	1.946205551422253
flux_prompts_regpeter	cc12m_qwen3vl8b_paired	local	ours_cc12m	114621	186.79190549724746	64	0.9999302047617801	2	7220985.0	331425.0	250087.0	12088.0	11885.0	0.2835849956757889	0.9969223806290675	0.536634637308124	21.143983892373832	4.172245123441651
flux_prompts_regpeter	cc12m_llavanext_paired	local	ours_cc12m	250000	184.079312	64	0.999696	2	15748159.0	331425.0	261199.0	12088.0	12071.0	0.2873932756203401	0.9991310251188027	0.5322150950660944	20.934743779403792	4.002043102888147
flux_prompts_regpeter	cc12m_pixelprose_paired	local	ours_cc12m	250000	183.960124	64	0.999728	2	15748284.0	331425.0	261216.0	12088.0	12074.0	0.28711921883044145	0.9992094742400218	0.5323527339804166	20.942018491207385	4.005291826243729
flux_prompts_regpeter	cc12m_qwen3vl8b_paired	local	ours_cc12m	114621	186.79190549724746	64	0.9999302047617801	3	7106364.0	328454.0	262134.0	28328.0	28326.0	0.16305708517041695	0.9999908663009126	0.57197489125751	23.731564332167707	4.315078812371915
flux_prompts_regpeter	cc12m_llavanext_paired	local	ours_cc12m	250000	184.079312	64	0.999696	3	15498159.0	328454.0	262144.0	28328.0	28328.0	0.16378429205688153	0.9999999999999998	0.5696579636603312	23.66767603730741	4.2534459654202985
flux_prompts_regpeter	cc12m_pixelprose_paired	local	ours_cc12m	250000	183.960124	64	0.999728	3	15498284.0	328454.0	262144.0	28328.0	28328.0	0.16369012208061146	0.9999999999999998	0.5697250052820104	23.66983331857206	4.255834368296856
flux_prompts_regpeter	danbooru2023_florence2_paired	local	ours_danbooru2023	250000	164.522212	128	0.832852	1	31324484.0	334396.0	89053.0	2152.0	1941.0	0.6923151551355111	0.9969616861440557	0.35983617109560634	10.986211391156944	2.4395690666008094
flux_prompts_regpeter	danbooru2023_florence2_paired	local	ours_danbooru2023	250000	164.522212	128	0.832852	2	31074484.0	331425.0	261622.0	12088.0	12077.0	0.27271014379514547	0.9999517236177095	0.556585346576786	22.077564050073473	4.4942853001651235
flux_prompts_regpeter	danbooru2023_florence2_paired	local	ours_danbooru2023	250000	164.522212	128	0.832852	3	30824491.0	328454.0	262144.0	28328.0	28328.0	0.15549752305723363	0.9999999999999998	0.5846548509420886	24.319678541476907	4.50856522273374
flux_prompts_regpeter	danbooru2023_florence2_paired	local	ours_danbooru2023	250000	164.522212	64	0.998712	1	15994777.0	334396.0	52322.0	2152.0	1833.0	0.6870481532815261	0.9940938288729282	0.38273711188300646	11.339671650662712	2.774321542760043
flux_prompts_regpeter	danbooru2023_florence2_paired	local	ours_danbooru2023	250000	164.522212	64	0.998712	2	15744777.0	331425.0	255641.0	12088.0	11948.0	0.2668597973791528	0.9975288526815844	0.5733702549861999	22.520985481835794	4.965656377719954
flux_prompts_regpeter	danbooru2023_florence2_paired	local	ours_danbooru2023	250000	164.522212	64	0.998712	3	15494784.0	328454.0	262142.0	28328.0	28327.0	0.15121043313672455	0.9998629945136912	0.5944214099149348	24.686863689420893	4.762966003706212
flux_prompts_regpeter	datacomp_recap_llava15_paired_url	local	ours_datacomp_forward	250000	175.39386	128	0.912888	1	31734262.0	334396.0	96086.0	2152.0	2031.0	0.6874724233385303	0.9988845560348636	0.31290596753459665	10.47531133648299	1.8213155655396318
flux_prompts_regpeter	datacomp_recap_llava15_paired_url	local	ours_datacomp_forward	250000	175.39386	128	0.912888	2	31484262.0	331425.0	262132.0	12088.0	12088.0	0.2859779594007934	0.9999999999999997	0.5244314016584222	20.93048510621332	3.786844254453264
flux_prompts_regpeter	datacomp_recap_llava15_paired_url	local	ours_datacomp_forward	250000	175.39386	128	0.912888	3	31234263.0	328454.0	262144.0	28328.0	28328.0	0.16394220667220444	0.9999999999999998	0.5663338075314969	23.65510308247049	4.126149971978017
flux_prompts_regpeter	datacomp_recap_llava15_paired_url	local	ours_datacomp_forward	250000	175.39386	64	0.99978	1	15998313.0	334396.0	65036.0	2152.0	1970.0	0.6758594484305834	0.9975119319603211	0.32846461639066477	10.891156663380906	2.029022640539166
flux_prompts_regpeter	datacomp_recap_llava15_paired_url	local	ours_datacomp_forward	250000	175.39386	64	0.99978	2	15748313.0	331425.0	261519.0	12088.0	12076.0	0.2742023859952455	0.9992969751829205	0.5363501850120982	21.32881010292122	4.090680037094059
flux_prompts_regpeter	datacomp_recap_llava15_paired_url	local	ours_datacomp_forward	250000	175.39386	64	0.99978	3	15498314.0	328454.0	262144.0	28328.0	28328.0	0.15775599849118999	0.9999999999999998	0.5715192804618595	23.862290579666514	4.273400144538536
flux_prompts_regpeter	laion_pop_llama32_paired	local	ours_laion_pop	250000	182.806372	128	0.950208	1	31852666.0	334396.0	51346.0	2152.0	1954.0	0.6926827098240327	0.9986333568577063	0.3211825198643695	10.467491266918229	1.8924649467996997
flux_prompts_regpeter	laion_pop_llama32_paired	local	ours_laion_pop	250000	182.806372	128	0.950208	2	31602666.0	331425.0	261968.0	12088.0	12084.0	0.2849568767394479	0.9999879309044274	0.5293715052476606	21.059348624644564	3.8711797567611335
flux_prompts_regpeter	laion_pop_llama32_paired	local	ours_laion_pop	250000	182.806372	128	0.950208	3	31352667.0	328454.0	262144.0	28328.0	28328.0	0.16170780622905187	0.9999999999999998	0.5687885390987601	23.723204896098505	4.1804411584521795
flux_prompts_regpeter	laion_pop_llama32_paired	local	ours_laion_pop	250000	182.806372	64	0.999888	1	15999370.0	334396.0	35999.0	2152.0	1882.0	0.6803725396687389	0.995227215635878	0.3395103473745937	10.94861126537958	2.1741794471194527
flux_prompts_regpeter	laion_pop_llama32_paired	local	ours_laion_pop	250000	182.806372	64	0.999888	2	15749370.0	331425.0	259787.0	12088.0	12047.0	0.272070946329913	0.9996771516934377	0.5439309090952955	21.555148313497785	4.1969044582243304
flux_prompts_regpeter	laion_pop_llama32_paired	local	ours_laion_pop	250000	182.806372	64	0.999888	3	15499371.0	328454.0	262144.0	28328.0	28328.0	0.15541933927512214	0.9999999999999998	0.5756344938134064	23.984623138043737	4.354120546144056
flux_prompts_regpeter	pd12m_full_paired	local	ours_pd12m_img2dataset	250000	188.886032	128	0.945092	1	31844201.0	334396.0	99917.0	2152.0	2017.0	0.6983038136205657	0.9988426895053709	0.3074332641720925	10.183480904706052	1.743297472688519
flux_prompts_regpeter	pd12m_full_paired	local	ours_pd12m_img2dataset	250000	188.886032	128	0.945092	2	31594201.0	331425.0	262039.0	12088.0	12087.0	0.2952510810449025	0.9999969827261063	0.519103325867395	20.728049079126617	3.636383549119343
flux_prompts_regpeter	pd12m_full_paired	local	ours_pd12m_img2dataset	250000	188.886032	128	0.945092	3	31344201.0	328454.0	262144.0	28328.0	28328.0	0.17051686849506828	0.9999999999999998	0.5636037070919191	23.475387445427568	4.046992652264123
flux_prompts_regpeter	pd12m_full_paired	local	ours_pd12m_img2dataset	250000	188.886032	64	0.999892	1	15998980.0	334396.0	61883.0	2152.0	1950.0	0.6858971009401742	0.9973325039767234	0.3233707048785499	10.670176878168782	1.9709288774013818
flux_prompts_regpeter	pd12m_full_paired	local	ours_pd12m_img2dataset	250000	188.886032	64	0.999892	2	15748980.0	331425.0	259819.0	12088.0	12057.0	0.2822790428332464	0.999764652636336	0.5328601461776681	21.204146723308114	3.9579840610050776
flux_prompts_regpeter	pd12m_full_paired	local	ours_pd12m_img2dataset	250000	188.886032	64	0.999892	3	15498980.0	328454.0	262144.0	28328.0	28328.0	0.164527020487799	0.9999999999999998	0.5705042182311342	23.694627516801503	4.2430803838851885
flux_prompts_regpeter	cc12m_llavanext_paired	reference	ref_cc12m_llavanext	250000	72.323884	128	0.067772	1	17570707.0	334396.0	67544.0	2152.0	2001.0	0.7934391029342077	0.9994587255822602	0.22902421984215324	6.836033836072623	1.1706470833708285
flux_prompts_regpeter	cc12m_llavanext_paired	reference	ref_cc12m_llavanext	250000	72.323884	128	0.067772	2	17320707.0	331425.0	258849.0	12088.0	12054.0	0.4755068600837074	0.9996198234894677	0.43177967858015953	15.613234037601071	2.6450461231102067
flux_prompts_regpeter	cc12m_llavanext_paired	reference	ref_cc12m_llavanext	250000	72.323884	128	0.067772	3	17070707.0	328454.0	262144.0	28328.0	28328.0	0.2877200106591927	0.9999999999999998	0.5120021071655929	20.44862544539694	3.3164522992288625
flux_prompts_regpeter	cc12m_llavanext_paired	reference	ref_cc12m_llavanext	250000	72.323884	64	0.577772	1	13000071.0	334396.0	58620.0	2152.0	1985.0	0.792638978664024	0.9994048971871571	0.23857101973904915	6.909730625154884	1.2497393665295102
flux_prompts_regpeter	cc12m_llavanext_paired	reference	ref_cc12m_llavanext	250000	72.323884	64	0.577772	2	12750071.0	331425.0	254431.0	12088.0	11998.0	0.4744212796932574	0.999284906087327	0.4432911493200138	15.707540257622385	2.8016127517151825
flux_prompts_regpeter	cc12m_llavanext_paired	reference	ref_cc12m_llavanext	250000	72.323884	64	0.577772	3	12500071.0	328454.0	262137.0	28328.0	28328.0	0.2826368746225486	0.9999999999999997	0.5194269034991146	20.626288104879922	3.442016861369527
flux_prompts_regpeter	cc12m_qwen3vl8b_paired	reference	ref_cc12m_qwen3vl8b	114621	11.571143158757994	128	0.0	1	1326296.0	334396.0	13187.0	2152.0	1505.0	0.7224526048482489	0.9570778358585695	0.37139052992823274	9.903576511950106	3.8796260963802034
flux_prompts_regpeter	cc12m_qwen3vl8b_paired	reference	ref_cc12m_qwen3vl8b	114621	11.571143158757994	128	0.0	2	1211675.0	331425.0	124246.0	12088.0	7689.0	0.3291649988651462	0.7860119182316305	0.5689671448965956	20.678477020590737	10.852733723250147
flux_prompts_regpeter	cc12m_qwen3vl8b_paired	reference	ref_cc12m_qwen3vl8b	114621	11.571143158757994	128	0.0	3	1097054.0	328454.0	206520.0	28328.0	22918.0	0.1760396480027257	0.8278784852673113	0.5981267923548763	24.151205104535855	9.66289663397914
flux_prompts_regpeter	cc12m_qwen3vl8b_paired	reference	ref_cc12m_qwen3vl8b	114621	11.571143158757994	64	0.0	1	1326296.0	334396.0	13187.0	2152.0	1505.0	0.7224526048482489	0.9570778358585695	0.37139052992823274	9.903576511950106	3.8796260963802034
flux_prompts_regpeter	cc12m_qwen3vl8b_paired	reference	ref_cc12m_qwen3vl8b	114621	11.571143158757994	64	0.0	2	1211675.0	331425.0	124246.0	12088.0	7689.0	0.3291649988651462	0.7860119182316305	0.5689671448965956	20.678477020590737	10.852733723250147
flux_prompts_regpeter	cc12m_qwen3vl8b_paired	reference	ref_cc12m_qwen3vl8b	114621	11.571143158757994	64	0.0	3	1097054.0	328454.0	206520.0	28328.0	22918.0	0.1760396480027257	0.8278784852673113	0.5981267923548763	24.151205104535855	9.66289663397914
flux_prompts_regpeter	danbooru2023_florence2_paired	reference	ref_danbooru_florence2	250000	43.72852	128	1.2e-05	1	10932124.0	334396.0	14668.0	2152.0	1447.0	0.8827164785177859	0.9618386583564471	0.26948423299140556	5.164286088433515	3.2161936502288175
flux_prompts_regpeter	danbooru2023_florence2_paired	reference	ref_danbooru_florence2	250000	43.72852	128	1.2e-05	2	10682124.0	331425.0	79295.0	12088.0	6607.0	0.6064601010061158	0.8239269819713759	0.48533047575738597	14.03627740585199	9.343993371790834
flux_prompts_regpeter	danbooru2023_florence2_paired	reference	ref_danbooru_florence2	250000	43.72852	128	1.2e-05	3	10432124.0	328454.0	160767.0	28328.0	19569.0	0.40409699884701544	0.8005565467308995	0.5775399904665677	19.898605064121718	10.8874063153068
flux_prompts_regpeter	danbooru2023_florence2_paired	reference	ref_danbooru_florence2	250000	43.72852	64	0.175664	1	10512467.0	334396.0	14504.0	2152.0	1440.0	0.8833336646859173	0.9592548953927769	0.27141330666293917	5.167429118710864	3.309255494933762
flux_prompts_regpeter	danbooru2023_florence2_paired	reference	ref_danbooru_florence2	250000	43.72852	64	0.175664	2	10262467.0	331425.0	78188.0	12088.0	6536.0	0.606523363241982	0.8209187599000164	0.48737215384187715	14.063316196956434	9.462028233347343
flux_prompts_regpeter	danbooru2023_florence2_paired	reference	ref_danbooru_florence2	250000	43.72852	64	0.175664	3	10012467.0	328454.0	158691.0	28328.0	19348.0	0.40501896285899586	0.7962941538235182	0.5786597322800628	19.90268856897679	11.026362806713236
flux_prompts_regpeter	datacomp_recap_llava15_paired_url	reference	ref_datacomp_recap_llava15_llama3_8b	250000	50.780576	128	2.8e-05	1	12694582.0	334396.0	65366.0	2152.0	1963.0	0.8045288927197283	0.9992105168716235	0.23276257603532796	6.591220952704204	1.278307890908453
flux_prompts_regpeter	datacomp_recap_llava15_paired_url	reference	ref_datacomp_recap_llava15_llama3_8b	250000	50.780576	128	2.8e-05	2	12444582.0	331425.0	246945.0	12088.0	11875.0	0.5038111364447502	0.9979573055743691	0.43604469771048	15.075900093966911	2.89406882403133
flux_prompts_regpeter	datacomp_recap_llava15_paired_url	reference	ref_datacomp_recap_llava15_llama3_8b	250000	50.780576	128	2.8e-05	3	12194586.0	328454.0	262063.0	28328.0	28324.0	0.3058482674196524	0.9999878217345499	0.5135275243247264	20.212318383111292	3.479399294692207
flux_prompts_regpeter	datacomp_recap_llava15_paired_url	reference	ref_datacomp_recap_llava15_llama3_8b	250000	50.780576	64	0.262244	1	11780424.0	334396.0	61952.0	2152.0	1954.0	0.8048084686934693	0.9991806122076818	0.234772526352003	6.600662982154449	1.29809278654193
flux_prompts_regpeter	datacomp_recap_llava15_paired_url	reference	ref_datacomp_recap_llava15_llama3_8b	250000	50.780576	64	0.262244	2	11530424.0	331425.0	243501.0	12088.0	11815.0	0.5027815976238066	0.9973538507957516	0.4388717208274522	15.139086222095127	2.9516680146891443
flux_prompts_regpeter	datacomp_recap_llava15_paired_url	reference	ref_datacomp_recap_llava15_llama3_8b	250000	50.780576	64	0.262244	3	11280428.0	328454.0	262010.0	28328.0	28317.0	0.3035699531968068	0.999960420637288	0.5157441851887807	20.303080378848346	3.5131144422657132
flux_prompts_regpeter	laion_pop_llama32_paired	reference	ref_laion_pop_llama32_11b	250000	180.428212	128	0.88804	1	31590388.0	334396.0	66129.0	2152.0	1989.0	0.7961421366524464	0.999440782783897	0.24864860810791317	7.0231639560273935	1.3717025554822324
flux_prompts_regpeter	laion_pop_llama32_paired	reference	ref_laion_pop_llama32_11b	250000	180.428212	128	0.88804	2	31340388.0	331425.0	260519.0	12088.0	12076.0	0.45451903786257847	0.9999577581654924	0.4509510621959465	16.39479978291153	2.9527642138301737
flux_prompts_regpeter	laion_pop_llama32_paired	reference	ref_laion_pop_llama32_11b	250000	180.428212	128	0.88804	3	31090388.0	328454.0	262144.0	28328.0	28328.0	0.2708708878126565	0.9999999999999998	0.5213400377023976	20.91604077053409	3.566773514001225
flux_prompts_regpeter	laion_pop_llama32_paired	reference	ref_laion_pop_llama32_11b	250000	180.428212	64	0.999832	1	15999633.0	334396.0	50979.0	2152.0	1938.0	0.7800645177298634	0.9985705570634493	0.2721639832984005	7.659947611280386	1.5653764300940203
flux_prompts_regpeter	laion_pop_llama32_paired	reference	ref_laion_pop_llama32_11b	250000	180.428212	64	0.999832	2	15749633.0	331425.0	253732.0	12088.0	11999.0	0.4272197961692126	0.9984400693972751	0.4777239965998774	17.330745428402658	3.3256287461820926
flux_prompts_regpeter	laion_pop_llama32_paired	reference	ref_laion_pop_llama32_11b	250000	180.428212	64	0.999832	3	15499633.0	328454.0	262142.0	28328.0	28328.0	0.24650267525688938	0.9999999999999998	0.5389751721704112	21.688987810067903	3.8496705342639337
flux_prompts_regpeter	pd12m_full_paired	reference	ref_pd12m_full	250000	39.709492	128	4.4e-05	1	9926889.0	334396.0	22649.0	2152.0	1683.0	0.9001387040793711	0.9855381045220764	0.20917054731100568	3.9294061163419007	1.8220871164373262
flux_prompts_regpeter	pd12m_full_paired	reference	ref_pd12m_full	250000	39.709492	128	4.4e-05	2	9676889.0	331425.0	114079.0	12088.0	8425.0	0.6706454936085179	0.9032450780715916	0.40992379987935623	11.126156949388669	5.943655586558038
flux_prompts_regpeter	pd12m_full_paired	reference	ref_pd12m_full	250000	39.709492	128	4.4e-05	3	9426889.0	328454.0	209629.0	28328.0	24413.0	0.45422121762544443	0.92841311112048	0.5157681109001799	17.297953227843323	6.147640904913055
flux_prompts_regpeter	pd12m_full_paired	reference	ref_pd12m_full	250000	39.709492	64	0.070332	1	9767916.0	334396.0	22398.0	2152.0	1671.0	0.9009174526070621	0.9787048888137592	0.2094268717551636	3.9083285681971196	2.026436692412215
flux_prompts_regpeter	pd12m_full_paired	reference	ref_pd12m_full	250000	39.709492	64	0.070332	2	9517916.0	331425.0	112935.0	12088.0	8372.0	0.6719862835519703	0.8857026476574811	0.41020177991487494	11.093314459365155	6.452586158219428
flux_prompts_regpeter	pd12m_full_paired	reference	ref_pd12m_full	250000	39.709492	64	0.070332	3	9267916.0	328454.0	208384.0	28328.0	24303.0	0.4559618365121034	0.9188318607779702	0.5159354110666512	17.25826823990503	6.430090160319929
flux_prompts_regpeter	cc12m_pixelprose_paired	reference	ref_pixelprose_cc12m	250000	89.339256	128	0.137448	1	20828915.0	334396.0	71789.0	2152.0	1996.0	0.8261022717697872	0.9983731862815644	0.21406107357137477	5.9241753221746105	1.2215020566135006
flux_prompts_regpeter	cc12m_pixelprose_paired	reference	ref_pixelprose_cc12m	250000	89.339256	128	0.137448	2	20578915.0	331425.0	257846.0	12088.0	12049.0	0.5263290605942967	0.9998068944708325	0.4176162589651272	14.443076863449772	2.6498040523001403
flux_prompts_regpeter	cc12m_pixelprose_paired	reference	ref_pixelprose_cc12m	250000	89.339256	128	0.137448	3	20328915.0	328454.0	262143.0	28328.0	28328.0	0.3251224179942681	0.9999999999999998	0.49947911210949814	19.67239296865468	3.261041296161163
flux_prompts_regpeter	cc12m_pixelprose_paired	reference	ref_pixelprose_cc12m	250000	89.339256	64	0.723872	1	14961546.0	334396.0	59381.0	2152.0	1960.0	0.8193634534826677	0.9980053589151717	0.2223648756754353	6.18706879125877	1.3067434632969521
flux_prompts_regpeter	cc12m_pixelprose_paired	reference	ref_pixelprose_cc12m	250000	89.339256	64	0.723872	2	14711546.0	331425.0	251645.0	12088.0	11941.0	0.5172771101011329	0.9991008523798435	0.42878609685013164	14.792065899347575	2.800853678057612
flux_prompts_regpeter	cc12m_pixelprose_paired	reference	ref_pixelprose_cc12m	250000	89.339256	64	0.723872	3	14461546.0	328454.0	262136.0	28328.0	28326.0	0.31220050746994465	0.9999756434691003	0.5064089785355934	20.077952695295956	3.364895240696315
pickapic_rankings	cc12m_qwen3vl8b_paired	local	ours_cc12m	114621	186.79190549724746	128	0.9647272314846319	1	14628299.0	99057.0	38465.0	7646.0	5935.0	0.8293619784501123	0.9251542041430282	0.3053547069845488	5.909971366117823	4.590216812446954
pickapic_rankings	cc12m_llavanext_paired	local	ours_cc12m	250000	184.079312	128	0.945212	1	31830701.0	99057.0	75016.0	7646.0	6719.0	0.825831922457498	0.9685231735245476	0.2983725885639131	5.9509214157670645	3.2472272316001485
pickapic_rankings	cc12m_pixelprose_paired	local	ours_cc12m	250000	183.960124	128	0.945312	1	31831516.0	99057.0	74929.0	7646.0	6709.0	0.8257748389991795	0.9676045105325345	0.29841365280330534	5.952738082297233	3.2737572437556945
pickapic_rankings	cc12m_qwen3vl8b_paired	local	ours_cc12m	114621	186.79190549724746	128	0.9647272314846319	2	14513678.0	91645.0	259963.0	26137.0	25990.0	0.32509430070034234	0.9944459599541627	0.5104356986548192	18.984536210042155	3.7841499726387346
pickapic_rankings	cc12m_llavanext_paired	local	ours_cc12m	250000	184.079312	128	0.945212	2	31580701.0	91645.0	262108.0	26137.0	26135.0	0.3223438263767466	0.999978176659937	0.5072488476066063	18.992439007765796	3.502409305957841
pickapic_rankings	cc12m_pixelprose_paired	local	ours_cc12m	250000	183.960124	128	0.945312	2	31581516.0	91645.0	262107.0	26137.0	26135.0	0.32225957740597216	0.9999672649899061	0.5072836009137841	18.99452484140204	3.504151550512147
pickapic_rankings	cc12m_qwen3vl8b_paired	local	ours_cc12m	114621	186.79190549724746	128	0.9647272314846319	3	14399057.0	84233.0	262144.0	33103.0	33103.0	0.16095491531146738	0.9999999999999997	0.528486409867738	22.50807064634134	3.068037072096714
pickapic_rankings	cc12m_llavanext_paired	local	ours_cc12m	250000	184.079312	128	0.945212	3	31330701.0	84233.0	262144.0	33103.0	33103.0	0.1600694156188843	0.9999999999999997	0.5274373511302296	22.506022809782632	3.039881517148248
pickapic_rankings	cc12m_pixelprose_paired	local	ours_cc12m	250000	183.960124	128	0.945312	3	31331516.0	84233.0	262144.0	33103.0	33103.0	0.16008587008684785	0.9999999999999997	0.5274150076412025	22.505280441517904	3.0379586525764233
pickapic_rankings	cc12m_qwen3vl8b_paired	local	ours_cc12m	114621	186.79190549724746	64	0.9999302047617801	1	7335606.0	99057.0	29379.0	7646.0	5571.0	0.8290363468266679	0.909446076499298	0.301599984193411	5.914193859036037	4.954793216816447
pickapic_rankings	cc12m_llavanext_paired	local	ours_cc12m	250000	184.079312	64	0.999696	1	15998159.0	99057.0	51961.0	7646.0	6386.0	0.8274615222913961	0.9454253611537209	0.29417787189100153	5.899662977684851	3.831428632361139
pickapic_rankings	cc12m_pixelprose_paired	local	ours_cc12m	250000	183.960124	64	0.999728	1	15998284.0	99057.0	51878.0	7646.0	6368.0	0.8273942380320164	0.9449710772565711	0.2942160194652993	5.901592462053444	3.844905827420209
pickapic_rankings	cc12m_qwen3vl8b_paired	local	ours_cc12m	114621	186.79190549724746	64	0.9999302047617801	2	7220985.0	91645.0	250087.0	26137.0	25283.0	0.3263546455227284	0.9736264935347793	0.5104044916643568	18.99862115015883	4.383887656534732
pickapic_rankings	cc12m_llavanext_paired	local	ours_cc12m	250000	184.079312	64	0.999696	2	15748159.0	91645.0	261199.0	26137.0	26093.0	0.3257106433837723	0.9983414261552673	0.506493473172702	18.93795659176031	3.5735126318728074
pickapic_rankings	cc12m_pixelprose_paired	local	ours_cc12m	250000	183.960124	64	0.999728	2	15748284.0	91645.0	261216.0	26137.0	26077.0	0.32557128129007223	0.9986578645861685	0.5065728370148138	18.94107204615095	3.5681443424485577
pickapic_rankings	cc12m_qwen3vl8b_paired	local	ours_cc12m	114621	186.79190549724746	64	0.9999302047617801	3	7106364.0	84233.0	262134.0	33103.0	33103.0	0.1612667181135093	0.9999999999999997	0.5305747214854901	22.553763493737176	3.1065033671170217
pickapic_rankings	cc12m_llavanext_paired	local	ours_cc12m	250000	184.079312	64	0.999696	3	15498159.0	84233.0	262144.0	33103.0	33103.0	0.15975807191034705	0.9999999999999997	0.5288112482941015	22.557877373645166	3.062731733785993
pickapic_rankings	cc12m_pixelprose_paired	local	ours_cc12m	250000	183.960124	64	0.999728	3	15498284.0	84233.0	262144.0	33103.0	33103.0	0.15979517474321625	0.9999999999999997	0.5287755123829728	22.556136902920695	3.062084919959693
pickapic_rankings	danbooru2023_florence2_paired	local	ours_danbooru2023	250000	164.522212	128	0.832852	1	31324484.0	99057.0	89053.0	7646.0	6432.0	0.8419938856774083	0.9406907134260322	0.31689183423173484	5.734327459359357	4.303578944105161
pickapic_rankings	danbooru2023_florence2_paired	local	ours_danbooru2023	250000	164.522212	128	0.832852	2	31074484.0	91645.0	261622.0	26137.0	26110.0	0.36250960756097955	0.9994762398385028	0.5240533210702032	18.509563715458317	3.91244462350509
pickapic_rankings	danbooru2023_florence2_paired	local	ours_danbooru2023	250000	164.522212	128	0.832852	3	30824491.0	84233.0	262144.0	33103.0	33103.0	0.1640550041848215	0.9999999999999997	0.541738704791793	22.82516210647724	3.277418830399142
pickapic_rankings	danbooru2023_florence2_paired	local	ours_danbooru2023	250000	164.522212	64	0.998712	1	15994777.0	99057.0	52322.0	7646.0	5945.0	0.8383426039637687	0.9168357612264855	0.3246597546301452	5.910578456209331	5.002973339067284
pickapic_rankings	danbooru2023_florence2_paired	local	ours_danbooru2023	250000	164.522212	64	0.998712	2	15744777.0	91645.0	255641.0	26137.0	25730.0	0.3715282852211836	0.9896666484805082	0.5308391656089957	18.47064278772173	4.342262843042544
pickapic_rankings	danbooru2023_florence2_paired	local	ours_danbooru2023	250000	164.522212	64	0.998712	3	15494784.0	84233.0	262142.0	33103.0	33102.0	0.16335710133164758	0.999988128168295	0.5497739144057305	23.07835846946772	3.408310626806205
pickapic_rankings	datacomp_recap_llava15_paired_url	local	ours_datacomp_forward	250000	175.39386	128	0.912888	1	31734262.0	99057.0	96086.0	7646.0	6857.0	0.812565768821087	0.9728943941351045	0.312116942482612	6.401865413123376	3.1891675695598467
pickapic_rankings	datacomp_recap_llava15_paired_url	local	ours_datacomp_forward	250000	175.39386	128	0.912888	2	31484262.0	91645.0	262132.0	26137.0	26136.0	0.3064273826713788	0.9999890883299687	0.5157998423749219	19.496748777255394	3.5489309417274137
pickapic_rankings	datacomp_recap_llava15_paired_url	local	ours_datacomp_forward	250000	175.39386	128	0.912888	3	31234263.0	84233.0	262144.0	33103.0	33103.0	0.1559522630644429	0.9999999999999997	0.5309367789406955	22.66600584913727	3.063231075694947
pickapic_rankings	datacomp_recap_llava15_paired_url	local	ours_datacomp_forward	250000	175.39386	64	0.99978	1	15998313.0	99057.0	65036.0	7646.0	6485.0	0.8127370679645912	0.961779581451214	0.30903158236422384	6.400025778471746	3.460007618324011
pickapic_rankings	datacomp_recap_llava15_paired_url	local	ours_datacomp_forward	250000	175.39386	64	0.99978	2	15748313.0	91645.0	261519.0	26137.0	26092.0	0.3061872087505467	0.9988324513066689	0.5149982053554305	19.522760426651402	3.6012096499679385
pickapic_rankings	datacomp_recap_llava15_paired_url	local	ours_datacomp_forward	250000	175.39386	64	0.99978	3	15498314.0	84233.0	262144.0	33103.0	33103.0	0.15361896784385673	0.9999999999999997	0.5314170862749925	22.752972897730665	3.074140722001501
pickapic_rankings	laion_pop_llama32_paired	local	ours_laion_pop	250000	182.806372	128	0.950208	1	31852666.0	99057.0	51346.0	7646.0	6286.0	0.8360787759492345	0.9503619128360662	0.3016507264095686	5.738299111055164	3.8714378318909803
pickapic_rankings	laion_pop_llama32_paired	local	ours_laion_pop	250000	182.806372	128	0.950208	2	31602666.0	91645.0	261968.0	26137.0	26123.0	0.325375143983104	0.9996180915489103	0.5109829710171268	19.002855962523007	3.6124315938734606
pickapic_rankings	laion_pop_llama32_paired	local	ours_laion_pop	250000	182.806372	128	0.950208	3	31352667.0	84233.0	262144.0	33103.0	33103.0	0.1604962665536554	0.9999999999999997	0.5291463829966352	22.52797420832328	3.06408701747195
pickapic_rankings	laion_pop_llama32_paired	local	ours_laion_pop	250000	182.806372	64	0.999888	1	15999370.0	99057.0	35999.0	7646.0	5888.0	0.8388235911788899	0.9227010710983989	0.2966140701338238	5.661249221800539	4.564648203161281
pickapic_rankings	laion_pop_llama32_paired	local	ours_laion_pop	250000	182.806372	64	0.999888	2	15749370.0	91645.0	259787.0	26137.0	25974.0	0.329483655536694	0.9944132249440678	0.5110164056031694	18.955197548017445	3.7950124797659113
pickapic_rankings	laion_pop_llama32_paired	local	ours_laion_pop	250000	182.806372	64	0.999888	3	15499371.0	84233.0	262144.0	33103.0	33103.0	0.1605459344124347	0.9999999999999997	0.5316043396167213	22.595313429227268	3.104592621113232
pickapic_rankings	pd12m_full_paired	local	ours_pd12m_img2dataset	250000	188.886032	128	0.945092	1	31844201.0	99057.0	99917.0	7646.0	6534.0	0.8070374885524624	0.9497562009736914	0.32499092544626856	6.61857922286059	4.211964667738572
pickapic_rankings	pd12m_full_paired	local	ours_pd12m_img2dataset	250000	188.886032	128	0.945092	2	31594201.0	91645.0	262039.0	26137.0	26131.0	0.3062489853755109	0.9999127066397501	0.5209680756298264	19.571090775481558	3.7368035138094418
pickapic_rankings	pd12m_full_paired	local	ours_pd12m_img2dataset	250000	188.886032	128	0.945092	3	31344201.0	84233.0	262144.0	33103.0	33103.0	0.15562508675847236	0.9999999999999997	0.5324042645360286	22.690497854880203	3.097206392165799
pickapic_rankings	pd12m_full_paired	local	ours_pd12m_img2dataset	250000	188.886032	64	0.999892	1	15998980.0	99057.0	61883.0	7646.0	5945.0	0.807579545696026	0.9143624377865489	0.32280009014119215	6.619383231325185	5.160006010600098
pickapic_rankings	pd12m_full_paired	local	ours_pd12m_img2dataset	250000	188.886032	64	0.999892	2	15748980.0	91645.0	259819.0	26137.0	25974.0	0.30629977306466505	0.9948824267554037	0.5214597288791263	19.62372323440415	3.9407517192939387
pickapic_rankings	pd12m_full_paired	local	ours_pd12m_img2dataset	250000	188.886032	64	0.999892	3	15498980.0	84233.0	262144.0	33103.0	33103.0	0.1541518861241188	0.9999999999999997	0.5337149166739603	22.768424862977916	3.127743118083048
pickapic_rankings	cc12m_llavanext_paired	reference	ref_cc12m_llavanext	250000	72.323884	128	0.067772	1	17570707.0	99057.0	67544.0	7646.0	6639.0	0.868467216487065	0.9589024501026294	0.2800672451694338	4.6607094111404965	3.338711517479558
pickapic_rankings	cc12m_llavanext_paired	reference	ref_cc12m_llavanext	250000	72.323884	128	0.067772	2	17320707.0	91645.0	258849.0	26137.0	25929.0	0.43515400381750674	0.9946096350046166	0.4935512026611786	16.34591465305408	3.8816428785557497
pickapic_rankings	cc12m_llavanext_paired	reference	ref_cc12m_llavanext	250000	72.323884	128	0.067772	3	17070707.0	84233.0	262144.0	33103.0	33103.0	0.20902250855808022	0.9999999999999997	0.5333850003226431	21.704034040079023	3.2877993385599193
pickapic_rankings	cc12m_llavanext_paired	reference	ref_cc12m_llavanext	250000	72.323884	64	0.577772	1	13000071.0	99057.0	58620.0	7646.0	6501.0	0.8749691443992716	0.9519872396681613	0.27646184659158	4.459282338965368	3.5129338804430286
pickapic_rankings	cc12m_llavanext_paired	reference	ref_cc12m_llavanext	250000	72.323884	64	0.577772	2	12750071.0	91645.0	254431.0	26137.0	25641.0	0.44512497224524566	0.9841562551148063	0.4911014804359468	16.066835289037332	4.178842679717986
pickapic_rankings	cc12m_llavanext_paired	reference	ref_cc12m_llavanext	250000	72.323884	64	0.577772	3	12500071.0	84233.0	262137.0	33103.0	33102.0	0.21378678569105555	0.9999881281682949	0.5323018608045282	21.568697333698836	3.2907923633733867
pickapic_rankings	cc12m_qwen3vl8b_paired	reference	ref_cc12m_qwen3vl8b	114621	11.571143158757994	128	0.0	1	1326296.0	99057.0	13187.0	7646.0	4422.0	0.8924041088865339	0.8372351272478846	0.3112994724807452	4.3289339458222535	6.874676550216813
pickapic_rankings	cc12m_qwen3vl8b_paired	reference	ref_cc12m_qwen3vl8b	114621	11.571143158757994	128	0.0	2	1211675.0	91645.0	124246.0	26137.0	15185.0	0.41697484886617053	0.6361721861526266	0.5201965598968932	17.186366199869568	13.590521016444313
pickapic_rankings	cc12m_qwen3vl8b_paired	reference	ref_cc12m_qwen3vl8b	114621	11.571143158757994	128	0.0	3	1097054.0	84233.0	206520.0	33103.0	26581.0	0.20620315864121472	0.8050526515735573	0.5491993162936573	22.016749899247646	8.729581778538149
pickapic_rankings	cc12m_qwen3vl8b_paired	reference	ref_cc12m_qwen3vl8b	114621	11.571143158757994	64	0.0	1	1326296.0	99057.0	13187.0	7646.0	4422.0	0.8924041088865339	0.8372351272478846	0.3112994724807452	4.3289339458222535	6.874676550216813
pickapic_rankings	cc12m_qwen3vl8b_paired	reference	ref_cc12m_qwen3vl8b	114621	11.571143158757994	64	0.0	2	1211675.0	91645.0	124246.0	26137.0	15185.0	0.41697484886617053	0.6361721861526266	0.5201965598968932	17.186366199869568	13.590521016444313
pickapic_rankings	cc12m_qwen3vl8b_paired	reference	ref_cc12m_qwen3vl8b	114621	11.571143158757994	64	0.0	3	1097054.0	84233.0	206520.0	33103.0	26581.0	0.20620315864121472	0.8050526515735573	0.5491993162936573	22.016749899247646	8.729581778538149
pickapic_rankings	danbooru2023_florence2_paired	reference	ref_danbooru_florence2	250000	43.72852	128	1.2e-05	1	10932124.0	99057.0	14668.0	7646.0	4010.0	0.9660239858237754	0.8258073634351756	0.34267222138265496	2.6197733168727604	8.284133017150696
pickapic_rankings	danbooru2023_florence2_paired	reference	ref_danbooru_florence2	250000	43.72852	128	1.2e-05	2	10682124.0	91645.0	79295.0	26137.0	11071.0	0.6327062857536441	0.5080037099672225	0.5558016958406894	13.123071107669235	18.955617056546195
pickapic_rankings	danbooru2023_florence2_paired	reference	ref_danbooru_florence2	250000	43.72852	128	1.2e-05	3	10432124.0	84233.0	160767.0	33103.0	21433.0	0.3147085866694021	0.6607149217051219	0.613761262791877	21.719705520075493	14.690420347012187
pickapic_rankings	danbooru2023_florence2_paired	reference	ref_danbooru_florence2	250000	43.72852	64	0.175664	1	10512467.0	99057.0	14504.0	7646.0	3994.0	0.9671786841280694	0.8252016515723086	0.3437934529583877	2.599863012276885	8.306771640700495
pickapic_rankings	danbooru2023_florence2_paired	reference	ref_danbooru_florence2	250000	43.72852	64	0.175664	2	10262467.0	91645.0	78188.0	26137.0	10950.0	0.6365905001204739	0.5028424900425158	0.5561425183634257	13.03920801085748	19.076369599712102
pickapic_rankings	danbooru2023_florence2_paired	reference	ref_danbooru_florence2	250000	43.72852	64	0.175664	3	10012467.0	84233.0	158691.0	33103.0	21175.0	0.31630526222957345	0.654790877684364	0.6141198981377912	21.710477196473143	14.837409491624404
pickapic_rankings	datacomp_recap_llava15_paired_url	reference	ref_datacomp_recap_llava15_llama3_8b	250000	50.780576	128	2.8e-05	1	12694582.0	99057.0	65366.0	7646.0	6352.0	0.8943740723404501	0.9542384687585452	0.2954624446845528	4.040838075085763	3.672198001022947
pickapic_rankings	datacomp_recap_llava15_paired_url	reference	ref_datacomp_recap_llava15_llama3_8b	250000	50.780576	128	2.8e-05	2	12444582.0	91645.0	246945.0	26137.0	25114.0	0.47719449315371965	0.9699601724043064	0.506756581467938	15.514830314519688	4.87669277549627
pickapic_rankings	datacomp_recap_llava15_paired_url	reference	ref_datacomp_recap_llava15_llama3_8b	250000	50.780576	128	2.8e-05	3	12194586.0	84233.0	262063.0	33103.0	33090.0	0.2232216001428811	0.9997625633659014	0.5448141989437815	21.637971388178414	3.505915519565273
pickapic_rankings	datacomp_recap_llava15_paired_url	reference	ref_datacomp_recap_llava15_llama3_8b	250000	50.780576	64	0.262244	1	11780424.0	99057.0	61952.0	7646.0	6298.0	0.8953514746158353	0.950503245604175	0.29595037870740326	4.02160684981977	3.7873503103198947
pickapic_rankings	datacomp_recap_llava15_paired_url	reference	ref_datacomp_recap_llava15_llama3_8b	250000	50.780576	64	0.262244	2	11530424.0	91645.0	243501.0	26137.0	24882.0	0.47842100169082263	0.9635877571061258	0.507222659779849	15.498545449821904	5.0763457867007515
pickapic_rankings	datacomp_recap_llava15_paired_url	reference	ref_datacomp_recap_llava15_llama3_8b	250000	50.780576	64	0.262244	3	11280428.0	84233.0	262010.0	33103.0	33084.0	0.22393972994641467	0.9993945365830494	0.5452489015249533	21.633238358994355	3.530584826533122
pickapic_rankings	laion_pop_llama32_paired	reference	ref_laion_pop_llama32_11b	250000	180.428212	128	0.88804	1	31590388.0	99057.0	66129.0	7646.0	6637.0	0.8791668845599424	0.9728237277508012	0.2887551163578992	4.493416862460574	3.0780204101123347
pickapic_rankings	laion_pop_llama32_paired	reference	ref_laion_pop_llama32_11b	250000	180.428212	128	0.88804	2	31340388.0	91645.0	260519.0	26137.0	26050.0	0.4250528104502064	0.9931365595504409	0.5024122475057002	16.7598921317216	4.001476177334583
pickapic_rankings	laion_pop_llama32_paired	reference	ref_laion_pop_llama32_11b	250000	180.428212	128	0.88804	3	31090388.0	84233.0	262144.0	33103.0	33103.0	0.20545510721834614	0.9999999999999997	0.5352387367777989	21.80576642253789	3.259880760759847
pickapic_rankings	laion_pop_llama32_paired	reference	ref_laion_pop_llama32_11b	250000	180.428212	64	0.999832	1	15999633.0	99057.0	50979.0	7646.0	6413.0	0.8829681280814246	0.9573074088635838	0.2785068333060907	4.343925202166647	3.3862212726272287
pickapic_rankings	laion_pop_llama32_paired	reference	ref_laion_pop_llama32_11b	250000	180.428212	64	0.999832	2	15749633.0	91645.0	253732.0	26137.0	25637.0	0.4283026150514058	0.9824976812700765	0.49645647019026656	16.64439781423993	4.263063530992374
pickapic_rankings	laion_pop_llama32_paired	reference	ref_laion_pop_llama32_11b	250000	180.428212	64	0.999832	3	15499633.0	84233.0	262142.0	33103.0	33103.0	0.20674805655075712	0.9999999999999998	0.5334234906929656	21.755599001385985	3.262143833534221
pickapic_rankings	pd12m_full_paired	reference	ref_pd12m_full	250000	39.709492	128	4.4e-05	1	9926889.0	99057.0	22649.0	7646.0	4514.0	0.9509048605257655	0.8251309851883899	0.3266502750101955	2.839611455621545	8.138260194598315
pickapic_rankings	pd12m_full_paired	reference	ref_pd12m_full	250000	39.709492	128	4.4e-05	2	9676889.0	91645.0	114079.0	26137.0	14279.0	0.5972806963064132	0.6027933875274816	0.5308168202760075	13.475757116939981	16.007188799506714
pickapic_rankings	pd12m_full_paired	reference	ref_pd12m_full	250000	39.709492	128	4.4e-05	3	9426889.0	84233.0	209629.0	33103.0	27033.0	0.3131688513570013	0.8181828974391882	0.5881771383234834	20.886126908191873	9.813557231182367
pickapic_rankings	pd12m_full_paired	reference	ref_pd12m_full	250000	39.709492	64	0.070332	1	9767916.0	99057.0	22398.0	7646.0	4480.0	0.9512091422571362	0.8236671815197963	0.3274438908646758	2.8375940279836844	8.193999509202552
pickapic_rankings	pd12m_full_paired	reference	ref_pd12m_full	250000	39.709492	64	0.070332	2	9517916.0	91645.0	112935.0	26137.0	14156.0	0.5983487351642806	0.6000982050297956	0.5310706848223943	13.458627149386073	16.077257231919795
pickapic_rankings	pd12m_full_paired	reference	ref_pd12m_full	250000	39.709492	64	0.070332	3	9267916.0	84233.0	208384.0	33103.0	26872.0	0.3140203256050173	0.8136122422327958	0.588511636072588	20.88020209693745	9.938550822473319
pickapic_rankings	cc12m_pixelprose_paired	reference	ref_pixelprose_cc12m	250000	89.339256	128	0.137448	1	20828915.0	99057.0	71789.0	7646.0	6723.0	0.9088848362960713	0.9701686907519655	0.28659453418927466	3.697687978347453	3.126248618608417
pickapic_rankings	cc12m_pixelprose_paired	reference	ref_pixelprose_cc12m	250000	89.339256	128	0.137448	2	20578915.0	91645.0	257846.0	26137.0	25868.0	0.5093036732014248	0.9927110044191999	0.4957595513051719	14.758893548774227	4.05720643799903
pickapic_rankings	cc12m_pixelprose_paired	reference	ref_pixelprose_cc12m	250000	89.339256	128	0.137448	3	20328915.0	84233.0	262143.0	33103.0	33103.0	0.25490342204687116	0.9999999999999997	0.5395195046004387	20.869050017018687	3.393857506114373
pickapic_rankings	cc12m_pixelprose_paired	reference	ref_pixelprose_cc12m	250000	89.339256	64	0.723872	1	14961546.0	99057.0	59381.0	7646.0	6558.0	0.9048798165643963	0.9658782317232116	0.2892313065621144	3.851415968244977	3.2759444395940958
pickapic_rankings	cc12m_pixelprose_paired	reference	ref_pixelprose_cc12m	250000	89.339256	64	0.723872	2	14711546.0	91645.0	251645.0	26137.0	25499.0	0.5039526777131308	0.9828032080309236	0.494533973178774	14.928105357719456	4.347649975446363
pickapic_rankings	cc12m_pixelprose_paired	reference	ref_pixelprose_cc12m	250000	89.339256	64	0.723872	3	14461546.0	84233.0	262136.0	33103.0	33102.0	0.2527951714152808	0.9999881281682947	0.5382126557355178	20.912771362579107	3.3930031194875574
sd_prompts_2m_andyyang	cc12m_qwen3vl8b_paired	local	ours_cc12m	114621	186.79190549724746	128	0.9647272314846319	1	14628299.0	23276418.0	38465.0	102547.0	30442.0	0.9954341923144893	0.8851713781733863	0.30478716686807406	1.6379578744854923	5.801264699558565
sd_prompts_2m_andyyang	cc12m_llavanext_paired	local	ours_cc12m	250000	184.079312	128	0.945212	1	31830701.0	23276418.0	75016.0	102547.0	48945.0	0.9941932475819448	0.9372411597007683	0.2972124764425179	1.6455897089090668	4.259483838552852
sd_prompts_2m_andyyang	cc12m_pixelprose_paired	local	ours_cc12m	250000	183.960124	128	0.945312	1	31831516.0	23276418.0	74929.0	102547.0	48999.0	0.9941927993627402	0.9395315894395709	0.2972461404539579	1.6456741208789887	4.197287589894191
sd_prompts_2m_andyyang	cc12m_qwen3vl8b_paired	local	ours_cc12m	114621	186.79190549724746	128	0.9647272314846319	2	14513678.0	22276418.0	259963.0	261975.0	259795.0	0.9997587792701482	0.9901621077499986	0.32205530169244456	1.7283091824803183	2.5912859817730087
sd_prompts_2m_andyyang	cc12m_llavanext_paired	local	ours_cc12m	250000	184.079312	128	0.945212	2	31580701.0	22276418.0	262108.0	261975.0	261939.0	0.9997256552348227	0.9999342802779161	0.3114558811257192	1.686512083813404	2.1999139617084538
sd_prompts_2m_andyyang	cc12m_pixelprose_paired	local	ours_cc12m	250000	183.960124	128	0.945312	2	31581516.0	22276418.0	262107.0	261975.0	261938.0	0.9997291770287412	0.9998744861045438	0.311475049785214	1.6865668950264914	2.2051566949019077
sd_prompts_2m_andyyang	cc12m_qwen3vl8b_paired	local	ours_cc12m	114621	186.79190549724746	128	0.9647272314846319	3	14399057.0	21276418.0	262144.0	262144.0	262144.0	1.0000000000000007	1.0000000000000007	0.176578876024957	0.8576960726331883	1.0490772846573182
sd_prompts_2m_andyyang	cc12m_llavanext_paired	local	ours_cc12m	250000	184.079312	128	0.945212	3	31330701.0	21276418.0	262144.0	262144.0	262144.0	1.0000000000000007	1.0000000000000007	0.1713570456820152	0.8356716292499308	1.0189483070307892
sd_prompts_2m_andyyang	cc12m_pixelprose_paired	local	ours_cc12m	250000	183.960124	128	0.945312	3	31331516.0	21276418.0	262144.0	262144.0	262144.0	1.0000000000000004	1.0000000000000007	0.17130953802806181	0.8354813480046261	1.018986022997578
sd_prompts_2m_andyyang	cc12m_qwen3vl8b_paired	local	ours_cc12m	114621	186.79190549724746	64	0.9999302047617801	1	7335606.0	23276418.0	29379.0	102547.0	24786.0	0.9961977238144791	0.863282615048407	0.3052152204801176	1.6148540287011621	6.33809390211602
sd_prompts_2m_andyyang	cc12m_llavanext_paired	local	ours_cc12m	250000	184.079312	64	0.999696	1	15998159.0	23276418.0	51961.0	102547.0	38323.0	0.9955346737083842	0.909008121438609	0.2973757157356799	1.596516012789111	4.997794049379651
sd_prompts_2m_andyyang	cc12m_pixelprose_paired	local	ours_cc12m	250000	183.960124	64	0.999728	1	15998284.0	23276418.0	51878.0	102547.0	38319.0	0.9955226448036458	0.9092185060433191	0.29746955966140187	1.5970136348530573	4.990648935066055
sd_prompts_2m_andyyang	cc12m_qwen3vl8b_paired	local	ours_cc12m	114621	186.79190549724746	64	0.9999302047617801	2	7220985.0	22276418.0	250087.0	261975.0	249926.0	0.9997708068913029	0.9660174270387639	0.3265323894829527	1.7477914835400161	3.2693576168272553
sd_prompts_2m_andyyang	cc12m_llavanext_paired	local	ours_cc12m	250000	184.079312	64	0.999696	2	15748159.0	22276418.0	261199.0	261975.0	261031.0	0.9997468275498111	0.997870438595649	0.3137628895084301	1.6911099139542418	2.2805723709603107
sd_prompts_2m_andyyang	cc12m_pixelprose_paired	local	ours_cc12m	250000	183.960124	64	0.999728	2	15748284.0	22276418.0	261216.0	261975.0	261048.0	0.9997520999748295	0.998378150383065	0.31374838563481117	1.6906348574957355	2.267304878148813
sd_prompts_2m_andyyang	cc12m_qwen3vl8b_paired	local	ours_cc12m	114621	186.79190549724746	64	0.9999302047617801	3	7106364.0	21276418.0	262134.0	262144.0	262134.0	0.9999999999999994	0.9999807298390176	0.18291632943624941	0.8943910629705338	1.0846276740205067
sd_prompts_2m_andyyang	cc12m_llavanext_paired	local	ours_cc12m	250000	184.079312	64	0.999696	3	15498159.0	21276418.0	262144.0	262144.0	262144.0	1.0000000000000007	1.0000000000000007	0.17559414552692865	0.8626468144426916	1.0399289464419723
sd_prompts_2m_andyyang	cc12m_pixelprose_paired	local	ours_cc12m	250000	183.960124	64	0.999728	3	15498284.0	21276418.0	262144.0	262144.0	262144.0	1.0000000000000007	1.0000000000000007	0.17551138730117313	0.8619494382365993	1.0405447638671614
sd_prompts_2m_andyyang	danbooru2023_florence2_paired	local	ours_danbooru2023	250000	164.522212	128	0.832852	1	31324484.0	23276418.0	89053.0	102547.0	49490.0	0.9902262715644369	0.9315995700025603	0.33177725898639565	2.0802582290832117	4.742715111926394
sd_prompts_2m_andyyang	danbooru2023_florence2_paired	local	ours_danbooru2023	250000	164.522212	128	0.832852	2	31074484.0	22276418.0	261622.0	261975.0	261454.0	0.9998042123563504	0.9989110457525089	0.3674221790916278	2.1971021209263006	2.6842809896013633
sd_prompts_2m_andyyang	danbooru2023_florence2_paired	local	ours_danbooru2023	250000	164.522212	128	0.832852	3	30824491.0	21276418.0	262144.0	262144.0	262144.0	1.0000000000000004	1.0000000000000007	0.22087395393098447	1.2250230494265975	1.2587604428367343
sd_prompts_2m_andyyang	danbooru2023_florence2_paired	local	ours_danbooru2023	250000	164.522212	64	0.998712	1	15994777.0	23276418.0	52322.0	102547.0	35493.0	0.9907934946514012	0.895037157349547	0.3417605253108733	2.1359531520735238	5.8174063136112775
sd_prompts_2m_andyyang	danbooru2023_florence2_paired	local	ours_danbooru2023	250000	164.522212	64	0.998712	2	15744777.0	22276418.0	255641.0	261975.0	255479.0	0.999819876775645	0.9865183441969894	0.3846356091166725	2.359883891616779	3.190409686637792
sd_prompts_2m_andyyang	danbooru2023_florence2_paired	local	ours_danbooru2023	250000	164.522212	64	0.998712	3	15494784.0	21276418.0	262142.0	262144.0	262142.0	1.0000000000000004	0.9999977439811539	0.24344876234252066	1.4322010759947743	1.3803858426073516
sd_prompts_2m_andyyang	datacomp_recap_llava15_paired_url	local	ours_datacomp_forward	250000	175.39386	128	0.912888	1	31734262.0	23276418.0	96086.0	102547.0	55930.0	0.991569269832078	0.938097305178136	0.3068781085876462	1.825553650078889	4.266378439578441
sd_prompts_2m_andyyang	datacomp_recap_llava15_paired_url	local	ours_datacomp_forward	250000	175.39386	128	0.912888	2	31484262.0	22276418.0	262132.0	261975.0	261963.0	0.9997011205153868	0.9999716291910132	0.3190167845533905	1.8068822722491338	2.2297294814123205
sd_prompts_2m_andyyang	datacomp_recap_llava15_paired_url	local	ours_datacomp_forward	250000	175.39386	128	0.912888	3	31234263.0	21276418.0	262144.0	262144.0	262144.0	1.0000000000000007	1.0000000000000007	0.17608424643772427	0.8969493740230541	1.0389736419655953
sd_prompts_2m_andyyang	datacomp_recap_llava15_paired_url	local	ours_datacomp_forward	250000	175.39386	64	0.99978	1	15998313.0	23276418.0	65036.0	102547.0	43180.0	0.9935586958449842	0.9198787373555432	0.30788785836777227	1.7623035749229052	4.740727135218251
sd_prompts_2m_andyyang	datacomp_recap_llava15_paired_url	local	ours_datacomp_forward	250000	175.39386	64	0.99978	2	15748313.0	22276418.0	261519.0	261975.0	261350.0	0.9997185730306481	0.9987848584992443	0.3198584236414374	1.7988871242756665	2.2776768975353936
sd_prompts_2m_andyyang	datacomp_recap_llava15_paired_url	local	ours_datacomp_forward	250000	175.39386	64	0.99978	3	15498314.0	21276418.0	262144.0	262144.0	262144.0	1.0000000000000004	1.0000000000000007	0.17750785567076866	0.9079402439573162	1.0482252941882608
sd_prompts_2m_andyyang	laion_pop_llama32_paired	local	ours_laion_pop	250000	182.806372	128	0.950208	1	31852666.0	23276418.0	51346.0	102547.0	36976.0	0.9955054311623354	0.91131951660259	0.30028350970084394	1.6201445223192525	5.10706910747238
sd_prompts_2m_andyyang	laion_pop_llama32_paired	local	ours_laion_pop	250000	182.806372	128	0.950208	2	31602666.0	22276418.0	261968.0	261975.0	261799.0	0.9997511602343935	0.9993427129981135	0.32101960795298046	1.7468548345478432	2.2944164858017713
sd_prompts_2m_andyyang	laion_pop_llama32_paired	local	ours_laion_pop	250000	182.806372	128	0.950208	3	31352667.0	21276418.0	262144.0	262144.0	262144.0	1.0000000000000004	1.0000000000000007	0.17648899843955956	0.8662679058309088	1.0408196283183357
sd_prompts_2m_andyyang	laion_pop_llama32_paired	local	ours_laion_pop	250000	182.806372	64	0.999888	1	15999370.0	23276418.0	35999.0	102547.0	28809.0	0.9966638061373573	0.883631063851827	0.29975785355964313	1.5764799782027579	5.807371730205455
sd_prompts_2m_andyyang	laion_pop_llama32_paired	local	ours_laion_pop	250000	182.806372	64	0.999888	2	15749370.0	22276418.0	259787.0	261975.0	259619.0	0.9997577045938987	0.989705301812886	0.32482121507647677	1.7684620903061778	2.5913324744184885
sd_prompts_2m_andyyang	laion_pop_llama32_paired	local	ours_laion_pop	250000	182.806372	64	0.999888	3	15499371.0	21276418.0	262144.0	262144.0	262144.0	1.0000000000000004	1.0000000000000007	0.18287506472240417	0.9124681688544695	1.0707062622370649
sd_prompts_2m_andyyang	pd12m_full_paired	local	ours_pd12m_img2dataset	250000	188.886032	128	0.945092	1	31844201.0	23276418.0	99917.0	102547.0	54274.0	0.9918141453761034	0.9172758454500978	0.32048100809757885	1.890138357990916	5.241346378350424
sd_prompts_2m_andyyang	pd12m_full_paired	local	ours_pd12m_img2dataset	250000	188.886032	128	0.945092	2	31594201.0	22276418.0	262039.0	261975.0	261870.0	0.999663545851342	0.9997389167324842	0.33252503970798575	1.8564272750284485	2.4035262146422713
sd_prompts_2m_andyyang	pd12m_full_paired	local	ours_pd12m_img2dataset	250000	188.886032	128	0.945092	3	31344201.0	21276418.0	262144.0	262144.0	262144.0	1.0000000000000007	1.0000000000000007	0.18174584421838968	0.9060505330079077	1.0693832410444484
sd_prompts_2m_andyyang	pd12m_full_paired	local	ours_pd12m_img2dataset	250000	188.886032	64	0.999892	1	15998980.0	23276418.0	61883.0	102547.0	39081.0	0.9933773903086229	0.877567888667399	0.3225630508122902	1.8580044109072391	6.316376495643919
sd_prompts_2m_andyyang	pd12m_full_paired	local	ours_pd12m_img2dataset	250000	188.886032	64	0.999892	2	15748980.0	22276418.0	259819.0	261975.0	259653.0	0.9996437864547424	0.9944801269216629	0.3381063681574299	1.8885686718491208	2.6043277986336135
sd_prompts_2m_andyyang	pd12m_full_paired	local	ours_pd12m_img2dataset	250000	188.886032	64	0.999892	3	15498980.0	21276418.0	262144.0	262144.0	262144.0	1.0000000000000007	1.0000000000000007	0.1866848262852504	0.930084158510269	1.0960882972055581
sd_prompts_2m_andyyang	cc12m_llavanext_paired	reference	ref_cc12m_llavanext	250000	72.323884	128	0.067772	1	17570707.0	23276418.0	67544.0	102547.0	46286.0	0.9950609272580696	0.9365378727946815	0.28476511571034524	1.5395865646994593	4.110590397798606
sd_prompts_2m_andyyang	cc12m_llavanext_paired	reference	ref_cc12m_llavanext	250000	72.323884	128	0.067772	2	17320707.0	22276418.0	258849.0	261975.0	258686.0	0.9998814136166618	0.9932155160672604	0.3416041560574016	1.9124475796749816	2.66954022342627
sd_prompts_2m_andyyang	cc12m_llavanext_paired	reference	ref_cc12m_llavanext	250000	72.323884	128	0.067772	3	17070707.0	21276418.0	262144.0	262144.0	262144.0	1.0000000000000004	1.0000000000000007	0.22838970132812983	1.2723467810065276	1.304783997565219
sd_prompts_2m_andyyang	cc12m_llavanext_paired	reference	ref_cc12m_llavanext	250000	72.323884	64	0.577772	1	13000071.0	23276418.0	58620.0	102547.0	42097.0	0.9955951779032475	0.9188879921300531	0.2840752796895501	1.4758858232106238	4.603031382262704
sd_prompts_2m_andyyang	cc12m_llavanext_paired	reference	ref_cc12m_llavanext	250000	72.323884	64	0.577772	2	12750071.0	22276418.0	254431.0	261975.0	254271.0	0.999883922215022	0.9823218436644532	0.34175218047681194	1.8675756033249558	2.9897893746267172
sd_prompts_2m_andyyang	cc12m_llavanext_paired	reference	ref_cc12m_llavanext	250000	72.323884	64	0.577772	3	12500071.0	21276418.0	262137.0	262144.0	262137.0	1.0000000000000004	0.9999790848252751	0.2279197440445807	1.2446966287037522	1.3096465989364483
sd_prompts_2m_andyyang	cc12m_qwen3vl8b_paired	reference	ref_cc12m_qwen3vl8b	114621	11.571143158757994	128	0.0	1	1326296.0	23276418.0	13187.0	102547.0	12550.0	0.9988856182932326	0.7667388513129392	0.3300725458985253	1.6011173339323128	8.952998845943517
sd_prompts_2m_andyyang	cc12m_qwen3vl8b_paired	reference	ref_cc12m_qwen3vl8b	114621	11.571143158757994	128	0.0	2	1211675.0	22276418.0	124246.0	261975.0	124196.0	0.9998968370231295	0.6052570929491435	0.4073978879322133	2.194070282523002	13.159035585908065
sd_prompts_2m_andyyang	cc12m_qwen3vl8b_paired	reference	ref_cc12m_qwen3vl8b	114621	11.571143158757994	128	0.0	3	1097054.0	21276418.0	206520.0	262144.0	206520.0	1.0000000000000004	0.8110613356063976	0.281602396125868	1.4839800896010968	6.553449557642164
sd_prompts_2m_andyyang	cc12m_qwen3vl8b_paired	reference	ref_cc12m_qwen3vl8b	114621	11.571143158757994	64	0.0	1	1326296.0	23276418.0	13187.0	102547.0	12550.0	0.9988856182932326	0.7667388513129392	0.3300725458985253	1.6011173339323128	8.952998845943517
sd_prompts_2m_andyyang	cc12m_qwen3vl8b_paired	reference	ref_cc12m_qwen3vl8b	114621	11.571143158757994	64	0.0	2	1211675.0	22276418.0	124246.0	261975.0	124196.0	0.9998968370231295	0.6052570929491435	0.4073978879322133	2.194070282523002	13.159035585908065
sd_prompts_2m_andyyang	cc12m_qwen3vl8b_paired	reference	ref_cc12m_qwen3vl8b	114621	11.571143158757994	64	0.0	3	1097054.0	21276418.0	206520.0	262144.0	206520.0	1.0000000000000004	0.8110613356063976	0.281602396125868	1.4839800896010968	6.553449557642164
sd_prompts_2m_andyyang	danbooru2023_florence2_paired	reference	ref_danbooru_florence2	250000	43.72852	128	1.2e-05	1	10932124.0	23276418.0	14668.0	102547.0	12107.0	0.9995522370584017	0.7795532800622423	0.3791314532219483	1.9608013901025816	9.806936904935089
sd_prompts_2m_andyyang	danbooru2023_florence2_paired	reference	ref_danbooru_florence2	250000	43.72852	128	1.2e-05	2	10682124.0	22276418.0	79295.0	261975.0	79266.0	0.9999909194089114	0.4595078526538677	0.5347064496858065	3.708233898007156	19.146944039783307
sd_prompts_2m_andyyang	danbooru2023_florence2_paired	reference	ref_danbooru_florence2	250000	43.72852	128	1.2e-05	3	10432124.0	21276418.0	160767.0	262144.0	160767.0	0.9999999999999999	0.645640962684602	0.5229657878882918	3.928899651595165	13.207803557829676
sd_prompts_2m_andyyang	danbooru2023_florence2_paired	reference	ref_danbooru_florence2	250000	43.72852	64	0.175664	1	10512467.0	23276418.0	14504.0	102547.0	11992.0	0.9995641365627914	0.7781192106104908	0.3806822335418846	1.9734824134051356	9.85693318894912
sd_prompts_2m_andyyang	danbooru2023_florence2_paired	reference	ref_danbooru_florence2	250000	43.72852	64	0.175664	2	10262467.0	22276418.0	78188.0	261975.0	78160.0	0.9999911327364073	0.4555063116520782	0.5352710862806948	3.730053611669457	19.23435332283419
sd_prompts_2m_andyyang	danbooru2023_florence2_paired	reference	ref_danbooru_florence2	250000	43.72852	64	0.175664	3	10012467.0	21276418.0	158691.0	262144.0	158691.0	1.0	0.6383163744949926	0.5237126323342562	3.9566281363175815	13.391568010268404
sd_prompts_2m_andyyang	datacomp_recap_llava15_paired_url	reference	ref_datacomp_recap_llava15_llama3_8b	250000	50.780576	128	2.8e-05	1	12694582.0	23276418.0	65366.0	102547.0	42173.0	0.9950617515409208	0.907711830918307	0.30782211868556064	1.5959256685206313	5.098618415220669
sd_prompts_2m_andyyang	datacomp_recap_llava15_paired_url	reference	ref_datacomp_recap_llava15_llama3_8b	250000	50.780576	128	2.8e-05	2	12444582.0	22276418.0	246945.0	261975.0	246794.0	0.9998445910035393	0.9651754604353361	0.37811064217384527	2.1658548241044087	3.7691762421180943
sd_prompts_2m_andyyang	datacomp_recap_llava15_paired_url	reference	ref_datacomp_recap_llava15_llama3_8b	250000	50.780576	128	2.8e-05	3	12194586.0	21276418.0	262063.0	262144.0	262063.0	1.0000000000000002	0.9997743041145373	0.2631947183725747	1.543874312710508	1.5281651765907973
sd_prompts_2m_andyyang	datacomp_recap_llava15_paired_url	reference	ref_datacomp_recap_llava15_llama3_8b	250000	50.780576	64	0.262244	1	11780424.0	23276418.0	61952.0	102547.0	40567.0	0.9952766555770696	0.9033276082256227	0.3088878726717521	1.5926233268821586	5.2334775263525435
sd_prompts_2m_andyyang	datacomp_recap_llava15_paired_url	reference	ref_datacomp_recap_llava15_llama3_8b	250000	50.780576	64	0.262244	2	11530424.0	22276418.0	243501.0	261975.0	243357.0	0.9998502223335415	0.9566807823412187	0.38051517064047297	2.179289877589563	4.024478165374163
sd_prompts_2m_andyyang	datacomp_recap_llava15_paired_url	reference	ref_datacomp_recap_llava15_llama3_8b	250000	50.780576	64	0.262244	3	11280428.0	21276418.0	262010.0	262144.0	262010.0	1.0000000000000002	0.9996446300312399	0.2651177217934315	1.5551549144432308	1.545202119922223
sd_prompts_2m_andyyang	laion_pop_llama32_paired	reference	ref_laion_pop_llama32_11b	250000	180.428212	128	0.88804	1	31590388.0	23276418.0	66129.0	102547.0	45336.0	0.9957918212337201	0.9560634716217861	0.294758969927243	1.622502724753165	3.6687391880845217
sd_prompts_2m_andyyang	laion_pop_llama32_paired	reference	ref_laion_pop_llama32_11b	250000	180.428212	128	0.88804	2	31340388.0	22276418.0	260519.0	261975.0	260351.0	0.9998577554304694	0.997505568444622	0.3528406494426675	2.0450262670226786	2.6199646847283815
sd_prompts_2m_andyyang	laion_pop_llama32_paired	reference	ref_laion_pop_llama32_11b	250000	180.428212	128	0.88804	3	31090388.0	21276418.0	262144.0	262144.0	262144.0	1.0000000000000004	1.0000000000000007	0.22397038600546348	1.286246607781143	1.2623849796607225
sd_prompts_2m_andyyang	laion_pop_llama32_paired	reference	ref_laion_pop_llama32_11b	250000	180.428212	64	0.999832	1	15999633.0	23276418.0	50979.0	102547.0	38030.0	0.9960742849539019	0.9457022983519121	0.2856273507096508	1.5410569306301773	3.839601057510764
sd_prompts_2m_andyyang	laion_pop_llama32_paired	reference	ref_laion_pop_llama32_11b	250000	180.428212	64	0.999832	2	15749633.0	22276418.0	253732.0	261975.0	253574.0	0.9998549172542628	0.9820594585718408	0.3462575279802129	1.9580917939303983	3.0120900280718166
sd_prompts_2m_andyyang	laion_pop_llama32_paired	reference	ref_laion_pop_llama32_11b	250000	180.428212	64	0.999832	3	15499633.0	21276418.0	262142.0	262144.0	262142.0	1.0000000000000007	0.9999869338908466	0.22215057900100893	1.2298155337840897	1.2622956200151327
sd_prompts_2m_andyyang	pd12m_full_paired	reference	ref_pd12m_full	250000	39.709492	128	4.4e-05	1	9926889.0	23276418.0	22649.0	102547.0	17487.0	0.9982757941586573	0.7775466568782117	0.3494405813719371	1.7718518662875906	9.58644089282809
sd_prompts_2m_andyyang	pd12m_full_paired	reference	ref_pd12m_full	250000	39.709492	128	4.4e-05	2	9676889.0	22276418.0	114079.0	261975.0	114037.0	0.9999416134668903	0.5640651472781653	0.4912747935785404	3.2216665041301216	15.903092820672116
sd_prompts_2m_andyyang	pd12m_full_paired	reference	ref_pd12m_full	250000	39.709492	128	4.4e-05	3	9426889.0	21276418.0	209629.0	262144.0	209629.0	0.9999999999999998	0.8141712105862937	0.4463897711063042	3.1132603976440043	7.987885691299991
sd_prompts_2m_andyyang	pd12m_full_paired	reference	ref_pd12m_full	250000	39.709492	64	0.070332	1	9767916.0	23276418.0	22398.0	102547.0	17283.0	0.9982601201730071	0.7749865980237951	0.3504455414033776	1.7788400790260952	9.673897704554358
sd_prompts_2m_andyyang	pd12m_full_paired	reference	ref_pd12m_full	250000	39.709492	64	0.070332	2	9517916.0	22276418.0	112935.0	261975.0	112893.0	0.9999412686558694	0.5606508640662056	0.4919128731183867	3.2332137129185727	15.992833745512941
sd_prompts_2m_andyyang	pd12m_full_paired	reference	ref_pd12m_full	250000	39.709492	64	0.070332	3	9267916.0	21276418.0	208384.0	262144.0	208384.0	0.9999999999999998	0.8096192695593782	0.4472566726628193	3.1279782660115654	8.112928902005228
sd_prompts_2m_andyyang	cc12m_pixelprose_paired	reference	ref_pixelprose_cc12m	250000	89.339256	128	0.137448	1	20828915.0	23276418.0	71789.0	102547.0	48095.0	0.9969017109148438	0.9328105810782329	0.3021933478034392	1.5858660613467508	4.362208569943102
sd_prompts_2m_andyyang	cc12m_pixelprose_paired	reference	ref_pixelprose_cc12m	250000	89.339256	128	0.137448	2	20578915.0	22276418.0	257846.0	261975.0	257678.0	0.9998842018638985	0.990904462288327	0.36104106396143476	2.150550169020363	2.902297511436512
sd_prompts_2m_andyyang	cc12m_pixelprose_paired	reference	ref_pixelprose_cc12m	250000	89.339256	128	0.137448	3	20328915.0	21276418.0	262143.0	262144.0	262143.0	1.0000000000000007	0.9999989659913625	0.25137302213734275	1.6282908407871808	1.4067426191073187
sd_prompts_2m_andyyang	cc12m_pixelprose_paired	reference	ref_pixelprose_cc12m	250000	89.339256	64	0.723872	1	14961546.0	23276418.0	59381.0	102547.0	42283.0	0.9970445567590307	0.9226051448294077	0.30684051800778933	1.6261227605632729	4.6997452396246
sd_prompts_2m_andyyang	cc12m_pixelprose_paired	reference	ref_pixelprose_cc12m	250000	89.339256	64	0.723872	2	14711546.0	22276418.0	251645.0	261975.0	251483.0	0.9998802981005536	0.9745471646294305	0.3621549175683984	2.1664550825418636	3.388371684303085
sd_prompts_2m_andyyang	cc12m_pixelprose_paired	reference	ref_pixelprose_cc12m	250000	89.339256	64	0.723872	3	14461546.0	21276418.0	262136.0	262144.0	262136.0	1.0000000000000004	0.9999886259049814	0.24946055649100213	1.6131447992819894	1.4077621144303603
sd_prompts_dedup_xzuyn	cc12m_qwen3vl8b_paired	local	ours_cc12m	114621	186.79190549724746	128	0.9647272314846319	1	14628299.0	23962508.0	38465.0	107837.0	30992.0	0.9963553520474158	0.886844690881264	0.3026009089569679	1.5949362518201144	5.71886292273034
sd_prompts_dedup_xzuyn	cc12m_llavanext_paired	local	ours_cc12m	250000	184.079312	128	0.945212	1	31830701.0	23962508.0	75016.0	107837.0	50536.0	0.9955258918111751	0.9382817524776556	0.29471024449608146	1.590070218576974	4.191710756618255
sd_prompts_dedup_xzuyn	cc12m_pixelprose_paired	local	ours_cc12m	250000	183.960124	128	0.945312	1	31831516.0	23962508.0	74929.0	107837.0	50514.0	0.9955367190177139	0.9404839009339022	0.29474303045055467	1.5898369539899198	4.131596809372098
sd_prompts_dedup_xzuyn	cc12m_qwen3vl8b_paired	local	ours_cc12m	114621	186.79190549724746	128	0.9647272314846319	2	14513678.0	22962508.0	259963.0	262073.0	259892.0	0.9999103604200125	0.9902799816117652	0.31769885656939234	1.6933679565963637	2.5312361644685692
sd_prompts_dedup_xzuyn	cc12m_llavanext_paired	local	ours_cc12m	250000	184.079312	128	0.945212	2	31580701.0	22962508.0	262108.0	262073.0	262037.0	0.9999269490566411	0.999942471440838	0.307009167494001	1.650233321684267	2.143458836003556
sd_prompts_dedup_xzuyn	cc12m_pixelprose_paired	local	ours_cc12m	250000	183.960124	128	0.945312	2	31581516.0	22962508.0	262107.0	262073.0	262036.0	0.9999258426986217	0.9998744039631912	0.3070162529738348	1.6503724610536266	2.1486826562189787
sd_prompts_dedup_xzuyn	cc12m_qwen3vl8b_paired	local	ours_cc12m	114621	186.79190549724746	128	0.9647272314846319	3	14399057.0	21962508.0	262144.0	262144.0	262144.0	1.0000000000000007	1.0000000000000007	0.17119164381476445	0.8322550944023571	1.0026019839921958
sd_prompts_dedup_xzuyn	cc12m_llavanext_paired	local	ours_cc12m	250000	184.079312	128	0.945212	3	31330701.0	21962508.0	262144.0	262144.0	262144.0	1.0000000000000007	1.0000000000000007	0.16593483092265376	0.8106245083657193	0.9727879855324583
sd_prompts_dedup_xzuyn	cc12m_pixelprose_paired	local	ours_cc12m	250000	183.960124	128	0.945312	3	31331516.0	21962508.0	262144.0	262144.0	262144.0	1.0000000000000004	1.0000000000000007	0.16588521018168512	0.8103990044459628	0.9728293010134744
sd_prompts_dedup_xzuyn	cc12m_qwen3vl8b_paired	local	ours_cc12m	114621	186.79190549724746	64	0.9999302047617801	1	7335606.0	23962508.0	29379.0	107837.0	25135.0	0.9967036124895259	0.8643520953649682	0.3032138753375466	1.5848294606095592	6.274143658968751
sd_prompts_dedup_xzuyn	cc12m_llavanext_paired	local	ours_cc12m	250000	184.079312	64	0.999696	1	15998159.0	23962508.0	51961.0	107837.0	39332.0	0.9961666839290607	0.9104198942781708	0.295080377391023	1.5620726230473236	4.921900259752837
sd_prompts_dedup_xzuyn	cc12m_pixelprose_paired	local	ours_cc12m	250000	183.960124	64	0.999728	1	15998284.0	23962508.0	51878.0	107837.0	39292.0	0.996170151748766	0.9105650376830263	0.29517550356956346	1.562160713684764	4.916530034557226
sd_prompts_dedup_xzuyn	cc12m_qwen3vl8b_paired	local	ours_cc12m	114621	186.79190549724746	64	0.9999302047617801	2	7220985.0	22962508.0	250087.0	262073.0	250027.0	0.9999122003438581	0.9660908555807584	0.3223829384742879	1.715045391227353	3.21193246078483
sd_prompts_dedup_xzuyn	cc12m_llavanext_paired	local	ours_cc12m	250000	184.079312	64	0.999696	2	15748159.0	22962508.0	261199.0	262073.0	261128.0	0.9999257691010108	0.9978803273579706	0.3094802727149338	1.6570313178745393	2.224459257126592
sd_prompts_dedup_xzuyn	cc12m_pixelprose_paired	local	ours_cc12m	250000	183.960124	64	0.999728	2	15748284.0	22962508.0	261216.0	262073.0	261145.0	0.9999246902075177	0.998349831821507	0.30945417923355734	1.6566886368475737	2.2125004323193096
sd_prompts_dedup_xzuyn	cc12m_qwen3vl8b_paired	local	ours_cc12m	114621	186.79190549724746	64	0.9999302047617801	3	7106364.0	21962508.0	262134.0	262144.0	262134.0	0.9999999999999994	0.9999785998939652	0.17761207775527307	0.8695173347509979	1.0383855456478528
sd_prompts_dedup_xzuyn	cc12m_llavanext_paired	local	ours_cc12m	250000	184.079312	64	0.999696	3	15498159.0	21962508.0	262144.0	262144.0	262144.0	1.0000000000000007	1.0000000000000007	0.17020942171334882	0.8381905103977975	0.9936673814092009
sd_prompts_dedup_xzuyn	cc12m_pixelprose_paired	local	ours_cc12m	250000	183.960124	64	0.999728	3	15498284.0	21962508.0	262144.0	262144.0	262144.0	1.0000000000000007	1.0000000000000007	0.17012518276669253	0.8374567928734837	0.9942414335157855
sd_prompts_dedup_xzuyn	danbooru2023_florence2_paired	local	ours_danbooru2023	250000	164.522212	128	0.832852	1	31324484.0	23962508.0	89053.0	107837.0	51287.0	0.9921751304825921	0.9320016502446178	0.3300977634825344	2.0094787396999507	4.703281430920979
sd_prompts_dedup_xzuyn	danbooru2023_florence2_paired	local	ours_danbooru2023	250000	164.522212	128	0.832852	2	31074484.0	22962508.0	261622.0	262073.0	261551.0	0.9998932242929607	0.9989350466421183	0.36399742379836153	2.1710148026548945	2.6275267114747907
sd_prompts_dedup_xzuyn	danbooru2023_florence2_paired	local	ours_danbooru2023	250000	164.522212	128	0.832852	3	30824491.0	21962508.0	262144.0	262144.0	262144.0	1.0000000000000004	1.0000000000000007	0.21622552732283476	1.2017971918506962	1.2137529431771856
sd_prompts_dedup_xzuyn	danbooru2023_florence2_paired	local	ours_danbooru2023	250000	164.522212	64	0.998712	1	15994777.0	23962508.0	52322.0	107837.0	36421.0	0.9918901026253668	0.8950786787426352	0.34026969801142576	2.0900335336722256	5.788419970531076
sd_prompts_dedup_xzuyn	danbooru2023_florence2_paired	local	ours_danbooru2023	250000	164.522212	64	0.998712	2	15744777.0	22962508.0	255641.0	262073.0	255572.0	0.9998946952376659	0.9866093459825909	0.3815741801202085	2.337117721364728	3.1320769618586426
sd_prompts_dedup_xzuyn	danbooru2023_florence2_paired	local	ours_danbooru2023	250000	164.522212	64	0.998712	3	15494784.0	21962508.0	262142.0	262144.0	262142.0	1.0000000000000004	0.9999979965858184	0.23905622136174914	1.4096012893872776	1.3356161636023984
sd_prompts_dedup_xzuyn	datacomp_recap_llava15_paired_url	local	ours_datacomp_forward	250000	175.39386	128	0.912888	1	31734262.0	23962508.0	96086.0	107837.0	57884.0	0.9939086026326959	0.9392046942665542	0.30412121192961417	1.7386340455304563	4.193552263601085
sd_prompts_dedup_xzuyn	datacomp_recap_llava15_paired_url	local	ours_datacomp_forward	250000	175.39386	128	0.912888	2	31484262.0	22962508.0	262132.0	262073.0	262061.0	0.9999294568187757	0.9999733914082911	0.3145047858417064	1.7671555117865383	2.1723188172406713
sd_prompts_dedup_xzuyn	datacomp_recap_llava15_paired_url	local	ours_datacomp_forward	250000	175.39386	128	0.912888	3	31234263.0	21962508.0	262144.0	262144.0	262144.0	1.0000000000000007	1.0000000000000007	0.17071034840800514	0.872095257075894	0.9929356552352472
sd_prompts_dedup_xzuyn	datacomp_recap_llava15_paired_url	local	ours_datacomp_forward	250000	175.39386	64	0.99978	1	15998313.0	23962508.0	65036.0	107837.0	44470.0	0.9948007017989869	0.9211666825525873	0.30535611581958966	1.7072843905804727	4.664748141245043
sd_prompts_dedup_xzuyn	datacomp_recap_llava15_paired_url	local	ours_datacomp_forward	250000	175.39386	64	0.99978	2	15748313.0	22962508.0	261519.0	262073.0	261448.0	0.9999288177724186	0.9987556672816408	0.31550077290635015	1.7603349932212384	2.221694567833238
sd_prompts_dedup_xzuyn	datacomp_recap_llava15_paired_url	local	ours_datacomp_forward	250000	175.39386	64	0.99978	3	15498314.0	21962508.0	262144.0	262144.0	262144.0	1.0000000000000004	1.0000000000000007	0.1721578213260632	0.8840353710067954	1.002289561256884
sd_prompts_dedup_xzuyn	laion_pop_llama32_paired	local	ours_laion_pop	250000	182.806372	128	0.950208	1	31852666.0	23962508.0	51346.0	107837.0	37929.0	0.9967970969839657	0.9126681981702341	0.2980391915900992	1.565726561567243	5.031598655878189
sd_prompts_dedup_xzuyn	laion_pop_llama32_paired	local	ours_laion_pop	250000	182.806372	128	0.950208	2	31602666.0	22962508.0	261968.0	262073.0	261897.0	0.9999134250255979	0.9993539904264819	0.3167267325514511	1.7123485590282004	2.2380979299612673
sd_prompts_dedup_xzuyn	laion_pop_llama32_paired	local	ours_laion_pop	250000	182.806372	128	0.950208	3	31352667.0	21962508.0	262144.0	262144.0	262144.0	1.0000000000000004	1.0000000000000007	0.171088084379058	0.8413063164777345	0.9943859673959542
sd_prompts_dedup_xzuyn	laion_pop_llama32_paired	local	ours_laion_pop	250000	182.806372	64	0.999888	1	15999370.0	23962508.0	35999.0	107837.0	29363.0	0.9973625836517224	0.8852931838353404	0.29767815515667206	1.5399017203261858	5.7251061346281595
sd_prompts_dedup_xzuyn	laion_pop_llama32_paired	local	ours_laion_pop	250000	182.806372	64	0.999888	2	15749370.0	22962508.0	259787.0	262073.0	259718.0	0.9999107900823977	0.9897129268283765	0.32075096505504874	1.735980544146991	2.536072519284197
sd_prompts_dedup_xzuyn	laion_pop_llama32_paired	local	ours_laion_pop	250000	182.806372	64	0.999888	3	15499371.0	21962508.0	262144.0	262144.0	262144.0	1.0000000000000004	1.0000000000000007	0.17755994387342383	0.8885101428879344	1.0243545343174705
sd_prompts_dedup_xzuyn	pd12m_full_paired	local	ours_pd12m_img2dataset	250000	188.886032	128	0.945092	1	31844201.0	23962508.0	99917.0	107837.0	56355.0	0.99326772243398	0.918102103502683	0.3178251620253447	1.8297748917740337	5.173226953634903
sd_prompts_dedup_xzuyn	pd12m_full_paired	local	ours_pd12m_img2dataset	250000	188.886032	128	0.945092	2	31594201.0	22962508.0	262039.0	262073.0	261968.0	0.9999285944911227	0.9997578226211183	0.32829804491607284	1.8184161538467742	2.3446591914734625
sd_prompts_dedup_xzuyn	pd12m_full_paired	local	ours_pd12m_img2dataset	250000	188.886032	128	0.945092	3	31344201.0	21962508.0	262144.0	262144.0	262144.0	1.0000000000000007	1.0000000000000007	0.17637069712609468	0.8805011828582316	1.0228580434583843
sd_prompts_dedup_xzuyn	pd12m_full_paired	local	ours_pd12m_img2dataset	250000	188.886032	64	0.999892	1	15998980.0	23962508.0	61883.0	107837.0	40260.0	0.9942682596015407	0.8788149387367901	0.3202050560809222	1.8148516162255748	6.240100267670619
sd_prompts_dedup_xzuyn	pd12m_full_paired	local	ours_pd12m_img2dataset	250000	188.886032	64	0.999892	2	15748980.0	22962508.0	259819.0	262073.0	259750.0	0.9999264714286263	0.9945272528593136	0.33411276933714	1.8519956635001382	2.5451461508049333
sd_prompts_dedup_xzuyn	pd12m_full_paired	local	ours_pd12m_img2dataset	250000	188.886032	64	0.999892	3	15498980.0	21962508.0	262144.0	262144.0	262144.0	1.0000000000000007	1.0000000000000007	0.18137585501672643	0.9048078018302742	1.049468347067755
sd_prompts_dedup_xzuyn	cc12m_llavanext_paired	reference	ref_cc12m_llavanext	250000	72.323884	128	0.067772	1	17570707.0	23962508.0	67544.0	107837.0	47694.0	0.9962585455440044	0.9374923109050117	0.28262693716194676	1.4907691000575751	4.047504113326038
sd_prompts_dedup_xzuyn	cc12m_llavanext_paired	reference	ref_cc12m_llavanext	250000	72.323884	128	0.067772	2	17320707.0	22962508.0	258849.0	262073.0	258779.0	0.9999192296249808	0.9932403289745182	0.33813477275887116	1.887848741460627	2.6150354328970082
sd_prompts_dedup_xzuyn	cc12m_llavanext_paired	reference	ref_cc12m_llavanext	250000	72.323884	128	0.067772	3	17070707.0	21962508.0	262144.0	262144.0	262144.0	1.0000000000000004	1.0000000000000007	0.22387216478559202	1.2476728478481394	1.2598171345576241
sd_prompts_dedup_xzuyn	cc12m_llavanext_paired	reference	ref_cc12m_llavanext	250000	72.323884	64	0.577772	1	13000071.0	23962508.0	58620.0	107837.0	43266.0	0.9966695566508715	0.920220621313922	0.2820734195887095	1.4318277359437317	4.530185346589012
sd_prompts_dedup_xzuyn	cc12m_llavanext_paired	reference	ref_cc12m_llavanext	250000	72.323884	64	0.577772	2	12750071.0	22962508.0	254431.0	262073.0	254361.0	0.9999165494843131	0.9824650251618862	0.3383652525323135	1.8440718389302315	2.932103653325637
sd_prompts_dedup_xzuyn	cc12m_llavanext_paired	reference	ref_cc12m_llavanext	250000	72.323884	64	0.577772	3	12500071.0	21962508.0	262137.0	262144.0	262137.0	1.0000000000000004	0.9999765964797834	0.2234015119327104	1.2212852770353284	1.2646261569191821
sd_prompts_dedup_xzuyn	cc12m_qwen3vl8b_paired	reference	ref_cc12m_qwen3vl8b	114621	11.571143158757994	128	0.0	1	1326296.0	23962508.0	13187.0	107837.0	12605.0	0.9990469699070543	0.7665876209618718	0.32960706274195695	1.5936491665007007	8.928333443464764
sd_prompts_dedup_xzuyn	cc12m_qwen3vl8b_paired	reference	ref_cc12m_qwen3vl8b	114621	11.571143158757994	128	0.0	2	1211675.0	22962508.0	124246.0	262073.0	124230.0	0.9999801927084412	0.6051129954968323	0.40511977479511907	2.1745820479315707	13.107704515665102
sd_prompts_dedup_xzuyn	cc12m_qwen3vl8b_paired	reference	ref_cc12m_qwen3vl8b	114621	11.571143158757994	128	0.0	3	1097054.0	21962508.0	206520.0	262144.0	206520.0	1.0000000000000004	0.810457667220884	0.27763367135224726	1.4639727056249563	6.522673385907644
sd_prompts_dedup_xzuyn	cc12m_qwen3vl8b_paired	reference	ref_cc12m_qwen3vl8b	114621	11.571143158757994	64	0.0	1	1326296.0	23962508.0	13187.0	107837.0	12605.0	0.9990469699070543	0.7665876209618718	0.32960706274195695	1.5936491665007007	8.928333443464764
sd_prompts_dedup_xzuyn	cc12m_qwen3vl8b_paired	reference	ref_cc12m_qwen3vl8b	114621	11.571143158757994	64	0.0	2	1211675.0	22962508.0	124246.0	262073.0	124230.0	0.9999801927084412	0.6051129954968323	0.40511977479511907	2.1745820479315707	13.107704515665102
sd_prompts_dedup_xzuyn	cc12m_qwen3vl8b_paired	reference	ref_cc12m_qwen3vl8b	114621	11.571143158757994	64	0.0	3	1097054.0	21962508.0	206520.0	262144.0	206520.0	1.0000000000000004	0.810457667220884	0.27763367135224726	1.4639727056249563	6.522673385907644
sd_prompts_dedup_xzuyn	danbooru2023_florence2_paired	reference	ref_danbooru_florence2	250000	43.72852	128	1.2e-05	1	10932124.0	23962508.0	14668.0	107837.0	12297.0	0.9996278856697789	0.7786193331682902	0.37873234136092204	1.952511808859847	9.814489283028173
sd_prompts_dedup_xzuyn	danbooru2023_florence2_paired	reference	ref_danbooru_florence2	250000	43.72852	128	1.2e-05	2	10682124.0	22962508.0	79295.0	262073.0	79281.0	0.9999844600193746	0.4587571618918963	0.5342359761634826	3.6741296022237813	19.115862090294232
sd_prompts_dedup_xzuyn	danbooru2023_florence2_paired	reference	ref_danbooru_florence2	250000	43.72852	128	1.2e-05	3	10432124.0	21962508.0	160767.0	262144.0	160767.0	0.9999999999999999	0.6456648757965165	0.5218440823194623	3.9046319268710534	13.1627482727795
sd_prompts_dedup_xzuyn	danbooru2023_florence2_paired	reference	ref_danbooru_florence2	250000	43.72852	64	0.175664	1	10512467.0	23962508.0	14504.0	107837.0	12176.0	0.9996260630354269	0.7771366836893625	0.3803194581341214	1.9656832254263719	9.865961004939898
sd_prompts_dedup_xzuyn	danbooru2023_florence2_paired	reference	ref_danbooru_florence2	250000	43.72852	64	0.175664	2	10262467.0	22962508.0	78188.0	262073.0	78174.0	0.9999852861889836	0.4547150076115364	0.5348242106452359	3.6954557154413123	19.204486470664776
sd_prompts_dedup_xzuyn	danbooru2023_florence2_paired	reference	ref_danbooru_florence2	250000	43.72852	64	0.175664	3	10012467.0	21962508.0	158691.0	262144.0	158691.0	1.0	0.6384240360891388	0.522620373569112	3.9326016578980036	13.34421376757771
sd_prompts_dedup_xzuyn	datacomp_recap_llava15_paired_url	reference	ref_datacomp_recap_llava15_llama3_8b	250000	50.780576	128	2.8e-05	1	12694582.0	23962508.0	65366.0	107837.0	43349.0	0.9957971833968106	0.9092194773602094	0.30613381617935487	1.5657895747828239	5.021182664452245
sd_prompts_dedup_xzuyn	datacomp_recap_llava15_paired_url	reference	ref_datacomp_recap_llava15_llama3_8b	250000	50.780576	128	2.8e-05	2	12444582.0	22962508.0	246945.0	262073.0	246879.0	0.9999310543335249	0.9646851728913937	0.3753398168052824	2.1450814458628953	3.730290148776932
sd_prompts_dedup_xzuyn	datacomp_recap_llava15_paired_url	reference	ref_datacomp_recap_llava15_llama3_8b	250000	50.780576	128	2.8e-05	3	12194586.0	21962508.0	262063.0	262144.0	262063.0	1.0000000000000002	0.9997637792550839	0.25921660785998835	1.5227856409950522	1.4829001554714174
sd_prompts_dedup_xzuyn	datacomp_recap_llava15_paired_url	reference	ref_datacomp_recap_llava15_llama3_8b	250000	50.780576	64	0.262244	1	11780424.0	23962508.0	61952.0	107837.0	41668.0	0.9960061709153973	0.9049654986030609	0.30725883464372344	1.5629607114316146	5.1527616371885925
sd_prompts_dedup_xzuyn	datacomp_recap_llava15_paired_url	reference	ref_datacomp_recap_llava15_llama3_8b	250000	50.780576	64	0.262244	2	11530424.0	22962508.0	243501.0	262073.0	243436.0	0.9999305316092455	0.9562232052352472	0.37779760742777224	2.1587703502054114	3.984630551789376
sd_prompts_dedup_xzuyn	datacomp_recap_llava15_paired_url	reference	ref_datacomp_recap_llava15_llama3_8b	250000	50.780576	64	0.262244	3	11280428.0	21962508.0	262010.0	262144.0	262010.0	1.0000000000000002	0.9996287309263591	0.26115874502085396	1.534165294325037	1.5000305147663486
sd_prompts_dedup_xzuyn	laion_pop_llama32_paired	reference	ref_laion_pop_llama32_11b	250000	180.428212	128	0.88804	1	31590388.0	23962508.0	66129.0	107837.0	46547.0	0.9968007990278518	0.9563178445261166	0.2928715352344393	1.5818813611197917	3.625074280331068
sd_prompts_dedup_xzuyn	laion_pop_llama32_paired	reference	ref_laion_pop_llama32_11b	250000	180.428212	128	0.88804	2	31340388.0	22962508.0	260519.0	262073.0	260450.0	0.9999405559369595	0.9974323362239008	0.3495138770304111	2.016530769131244	2.567317105972371
sd_prompts_dedup_xzuyn	laion_pop_llama32_paired	reference	ref_laion_pop_llama32_11b	250000	180.428212	128	0.88804	3	31090388.0	21962508.0	262144.0	262144.0	262144.0	1.0000000000000004	1.0000000000000007	0.2192944660708862	1.2648971612531996	1.2165094081845893
sd_prompts_dedup_xzuyn	laion_pop_llama32_paired	reference	ref_laion_pop_llama32_11b	250000	180.428212	64	0.999832	1	15999633.0	23962508.0	50979.0	107837.0	38875.0	0.9971373093370242	0.9459349580603088	0.2837242439765614	1.4980227063616625	3.796838549965024
sd_prompts_dedup_xzuyn	laion_pop_llama32_paired	reference	ref_laion_pop_llama32_11b	250000	180.428212	64	0.999832	2	15749633.0	22962508.0	253732.0	262073.0	253667.0	0.9999484432430905	0.9819226628032096	0.3429509801988772	1.9291767748367525	2.961586953541498
sd_prompts_dedup_xzuyn	laion_pop_llama32_paired	reference	ref_laion_pop_llama32_11b	250000	180.428212	64	0.999832	3	15499633.0	21962508.0	262142.0	262144.0	262142.0	1.0000000000000007	0.9999894365434046	0.21748847849419256	1.2072189098217156	1.2161243469802299
sd_prompts_dedup_xzuyn	pd12m_full_paired	reference	ref_pd12m_full	250000	39.709492	128	4.4e-05	1	9926889.0	23962508.0	22649.0	107837.0	17795.0	0.9985175617456631	0.7785583629226052	0.34877593567065945	1.7594097353201865	9.523469880770502
sd_prompts_dedup_xzuyn	pd12m_full_paired	reference	ref_pd12m_full	250000	39.709492	128	4.4e-05	2	9676889.0	22962508.0	114079.0	262073.0	114059.0	0.9999893560833445	0.5641116379796132	0.49024967973903943	3.175745727120537	15.844969574399226
sd_prompts_dedup_xzuyn	pd12m_full_paired	reference	ref_pd12m_full	250000	39.709492	128	4.4e-05	3	9426889.0	21962508.0	209629.0	262144.0	209629.0	0.9999999999999998	0.8142961177293598	0.4445888351921031	3.095909975969649	7.938904731517929
sd_prompts_dedup_xzuyn	pd12m_full_paired	reference	ref_pd12m_full	250000	39.709492	64	0.070332	1	9767916.0	23962508.0	22398.0	107837.0	17584.0	0.9985029560041102	0.7758611494255871	0.34982722916963593	1.766522996486961	9.615769919773518
sd_prompts_dedup_xzuyn	pd12m_full_paired	reference	ref_pd12m_full	250000	39.709492	64	0.070332	2	9517916.0	22962508.0	112935.0	262073.0	112916.0	0.999989598563383	0.5606945896328038	0.49089807853879003	3.1869998038944556	15.934860057155575
sd_prompts_dedup_xzuyn	pd12m_full_paired	reference	ref_pd12m_full	250000	39.709492	64	0.070332	3	9267916.0	21962508.0	208384.0	262144.0	208384.0	0.9999999999999998	0.809683256575251	0.44547471180197107	3.1107828125746604	8.065782411254888
sd_prompts_dedup_xzuyn	cc12m_pixelprose_paired	reference	ref_pixelprose_cc12m	250000	89.339256	128	0.137448	1	20828915.0	23962508.0	71789.0	107837.0	49336.0	0.9973049484334573	0.9338740335527415	0.30038311667899786	1.563471317576601	4.2969714794798906
sd_prompts_dedup_xzuyn	cc12m_pixelprose_paired	reference	ref_pixelprose_cc12m	250000	89.339256	128	0.137448	2	20578915.0	22962508.0	257846.0	262073.0	257776.0	0.9999653042932541	0.9908794370371047	0.35814562190268906	2.1284328180055216	2.8505009825066194
sd_prompts_dedup_xzuyn	cc12m_pixelprose_paired	reference	ref_pixelprose_cc12m	250000	89.339256	128	0.137448	3	20328915.0	21962508.0	262143.0	262144.0	262143.0	1.0000000000000007	0.9999991348893309	0.24718059550034044	1.6024664745174289	1.3617588617732974
sd_prompts_dedup_xzuyn	cc12m_pixelprose_paired	reference	ref_pixelprose_cc12m	250000	89.339256	64	0.723872	1	14961546.0	23962508.0	59381.0	107837.0	43286.0	0.9974754614262361	0.9236405471413855	0.30519802859418177	1.6033359243080838	4.635892945333254
sd_prompts_dedup_xzuyn	cc12m_pixelprose_paired	reference	ref_pixelprose_cc12m	250000	89.339256	64	0.723872	2	14711546.0	22962508.0	251645.0	262073.0	251578.0	0.9999634980579204	0.9747231008041459	0.35935337909622134	2.1455428209689233	3.331230509378641
sd_prompts_dedup_xzuyn	cc12m_pixelprose_paired	reference	ref_pixelprose_cc12m	250000	89.339256	64	0.723872	3	14461546.0	21962508.0	262136.0	262144.0	262136.0	1.0000000000000004	0.9999891633505612	0.2452547339801449	1.5864333266482114	1.3628321993926977
sdxl_refiner_prompts_falah	cc12m_qwen3vl8b_paired	local	ours_cc12m	114621	186.79190549724746	128	0.9647272314846319	1	14628299.0	886464.0	38465.0	107.0	101.0	0.28148508585994375	0.9621710526313381	0.5019641251371558	24.133280031661517	5.824786088410254
sdxl_refiner_prompts_falah	cc12m_llavanext_paired	local	ours_cc12m	250000	184.079312	128	0.945212	1	31830701.0	886464.0	75016.0	107.0	104.0	0.2811259796006355	0.985197368420846	0.5038734343671665	24.088082055882	5.039166310176949
sdxl_refiner_prompts_falah	cc12m_pixelprose_paired	local	ours_cc12m	250000	183.960124	128	0.945312	1	31831516.0	886464.0	74929.0	107.0	104.0	0.28109578569867455	0.985197368420846	0.5039067473202292	24.0891083435817	5.031256467209985
sdxl_refiner_prompts_falah	cc12m_qwen3vl8b_paired	local	ours_cc12m	114621	186.79190549724746	128	0.9647272314846319	2	14513678.0	877716.0	259963.0	146.0	145.0	0.012774639205857873	0.9900332225913623	0.678242954446421	30.359730965762097	8.464678734303845
sdxl_refiner_prompts_falah	cc12m_llavanext_paired	local	ours_cc12m	250000	184.079312	128	0.945212	2	31580701.0	877716.0	262108.0	146.0	146.0	0.01234250626672274	0.9999999999999996	0.6787983791410915	30.30620039501422	8.043120592989181
sdxl_refiner_prompts_falah	cc12m_pixelprose_paired	local	ours_cc12m	250000	183.960124	128	0.945312	2	31581516.0	877716.0	262107.0	146.0	146.0	0.012339179664459334	0.9999999999999996	0.6788042428370413	30.30584728120688	8.05373408953189
sdxl_refiner_prompts_falah	cc12m_qwen3vl8b_paired	local	ours_cc12m	114621	186.79190549724746	128	0.9647272314846319	3	14399057.0	868968.0	262144.0	168.0	168.0	0.0007989412084416336	1.0	0.6902799983384019	29.357834403201288	7.774283910300183
sdxl_refiner_prompts_falah	cc12m_llavanext_paired	local	ours_cc12m	250000	184.079312	128	0.945212	3	31330701.0	868968.0	262144.0	168.0	168.0	0.0007453392121676432	1.0	0.6903922735317778	29.331879248879304	7.775501048826813
sdxl_refiner_prompts_falah	cc12m_pixelprose_paired	local	ours_cc12m	250000	183.960124	128	0.945312	3	31331516.0	868968.0	262144.0	168.0	168.0	0.000748447665283735	1.0	0.6903802291028822	29.331490202825144	7.771537120823231
sdxl_refiner_prompts_falah	cc12m_qwen3vl8b_paired	local	ours_cc12m	114621	186.79190549724746	64	0.9999302047617801	1	7335606.0	886464.0	29379.0	107.0	96.0	0.2777004381096702	0.9128289473681844	0.5068153409527236	24.30614140803339	7.249241655196508
sdxl_refiner_prompts_falah	cc12m_llavanext_paired	local	ours_cc12m	250000	184.079312	64	0.999696	1	15998159.0	886464.0	51961.0	107.0	101.0	0.2757269133279605	0.9555921052629341	0.5098209409038635	24.329428454350175	5.962653356000447
sdxl_refiner_prompts_falah	cc12m_pixelprose_paired	local	ours_cc12m	250000	183.960124	64	0.999728	1	15998284.0	886464.0	51878.0	107.0	102.0	0.27567212833575966	0.9654605263155627	0.509830258831234	24.33108613552631	5.688332030285568
sdxl_refiner_prompts_falah	cc12m_qwen3vl8b_paired	local	ours_cc12m	114621	186.79190549724746	64	0.9999302047617801	2	7220985.0	877716.0	250087.0	146.0	139.0	0.01408422812123227	0.9435215946843883	0.6772749161267426	30.375289799578965	9.868301608669341
sdxl_refiner_prompts_falah	cc12m_llavanext_paired	local	ours_cc12m	250000	184.079312	64	0.999696	2	15748159.0	877716.0	261199.0	146.0	146.0	0.01349205326159056	0.9999999999999989	0.678023023831013	30.321859716446752	8.138768256407007
sdxl_refiner_prompts_falah	cc12m_pixelprose_paired	local	ours_cc12m	250000	183.960124	64	0.999728	2	15748284.0	877716.0	261216.0	146.0	146.0	0.013489342711878748	0.9999999999999989	0.6780308098964859	30.320898813825796	8.13676988624672
sdxl_refiner_prompts_falah	cc12m_qwen3vl8b_paired	local	ours_cc12m	114621	186.79190549724746	64	0.9999302047617801	3	7106364.0	868968.0	262134.0	168.0	168.0	0.0008058973618576185	1.0	0.6902540585111376	29.411351369655794	7.7793459430443015
sdxl_refiner_prompts_falah	cc12m_llavanext_paired	local	ours_cc12m	250000	184.079312	64	0.999696	3	15498159.0	868968.0	262144.0	168.0	168.0	0.000711826482100228	1.0	0.6904690032277687	29.375501698472387	7.800894758166797
sdxl_refiner_prompts_falah	cc12m_pixelprose_paired	local	ours_cc12m	250000	183.960124	64	0.999728	3	15498284.0	868968.0	262144.0	168.0	168.0	0.0007182085448943887	1.0	0.6904462586786306	29.374499338810594	7.79516598450418
sdxl_refiner_prompts_falah	danbooru2023_florence2_paired	local	ours_danbooru2023	250000	164.522212	128	0.832852	1	31324484.0	886464.0	89053.0	107.0	102.0	0.27188942681386014	0.9720394736840237	0.5156861778269896	24.89942113322647	5.872874882281902
sdxl_refiner_prompts_falah	danbooru2023_florence2_paired	local	ours_danbooru2023	250000	164.522212	128	0.832852	2	31074484.0	877716.0	261622.0	146.0	146.0	0.022782647010325077	0.9999999999999991	0.6728979613729213	30.6468547121018	8.484405298962944
sdxl_refiner_prompts_falah	danbooru2023_florence2_paired	local	ours_danbooru2023	250000	164.522212	128	0.832852	3	30824491.0	868968.0	262144.0	168.0	168.0	0.0028355374951690025	1.0	0.6886220911226877	29.687650367669	8.018329919020317
sdxl_refiner_prompts_falah	danbooru2023_florence2_paired	local	ours_danbooru2023	250000	164.522212	64	0.998712	1	15994777.0	886464.0	52322.0	107.0	99.0	0.27019839038705773	0.9490131578945153	0.5216662612717247	25.06720967038141	6.748042974230277
sdxl_refiner_prompts_falah	danbooru2023_florence2_paired	local	ours_danbooru2023	250000	164.522212	64	0.998712	2	15744777.0	877716.0	255641.0	146.0	143.0	0.02706884956198448	0.9900332225913574	0.6710946515057123	30.738242274116203	8.97406819050288
sdxl_refiner_prompts_falah	danbooru2023_florence2_paired	local	ours_danbooru2023	250000	164.522212	64	0.998712	3	15494784.0	868968.0	262142.0	168.0	168.0	0.003909057396347002	1.0	0.6881640784378961	29.881490994308464	8.155349722334059
sdxl_refiner_prompts_falah	datacomp_recap_llava15_paired_url	local	ours_datacomp_forward	250000	175.39386	128	0.912888	1	31734262.0	886464.0	96086.0	107.0	105.0	0.27843259755024174	0.9950657894734987	0.5075949832192703	24.18205394747877	4.846607644428488
sdxl_refiner_prompts_falah	datacomp_recap_llava15_paired_url	local	ours_datacomp_forward	250000	175.39386	128	0.912888	2	31484262.0	877716.0	262132.0	146.0	146.0	0.012037537992791357	0.9999999999999999	0.6792932734483732	30.349469632580885	8.073074187103815
sdxl_refiner_prompts_falah	datacomp_recap_llava15_paired_url	local	ours_datacomp_forward	250000	175.39386	128	0.912888	3	31234263.0	868968.0	262144.0	168.0	168.0	0.0007803929934252004	1.0	0.6902732010256118	29.370705622982495	7.76733612209802
sdxl_refiner_prompts_falah	datacomp_recap_llava15_paired_url	local	ours_datacomp_forward	250000	175.39386	64	0.99978	1	15998313.0	886464.0	65036.0	107.0	100.0	0.26804826233865614	0.9523026315787393	0.5158634047565862	24.595502638287858	6.135429220170545
sdxl_refiner_prompts_falah	datacomp_recap_llava15_paired_url	local	ours_datacomp_forward	250000	175.39386	64	0.99978	2	15748313.0	877716.0	261519.0	146.0	146.0	0.013364669599848361	0.9999999999999993	0.6784854203790158	30.32782559827013	8.140643230884946
sdxl_refiner_prompts_falah	datacomp_recap_llava15_paired_url	local	ours_datacomp_forward	250000	175.39386	64	0.99978	3	15498314.0	868968.0	262144.0	168.0	168.0	0.0006989147335639213	1.0	0.6904853882604955	29.393095755398647	7.777332399332055
sdxl_refiner_prompts_falah	laion_pop_llama32_paired	local	ours_laion_pop	250000	182.806372	128	0.950208	1	31852666.0	886464.0	51346.0	107.0	101.0	0.28092844724519855	0.9621710526313525	0.5011753977175573	24.199130856690875	5.768675218616312
sdxl_refiner_prompts_falah	laion_pop_llama32_paired	local	ours_laion_pop	250000	182.806372	128	0.950208	2	31602666.0	877716.0	261968.0	146.0	146.0	0.012699213414463104	0.9999999999999994	0.6782929882059008	30.382655690928374	8.15371425557908
sdxl_refiner_prompts_falah	laion_pop_llama32_paired	local	ours_laion_pop	250000	182.806372	128	0.950208	3	31352667.0	868968.0	262144.0	168.0	168.0	0.0008677730669610965	1.0	0.6901342945318184	29.361859421217535	7.758118741202269
sdxl_refiner_prompts_falah	laion_pop_llama32_paired	local	ours_laion_pop	250000	182.806372	64	0.999888	1	15999370.0	886464.0	35999.0	107.0	99.0	0.27746017499438613	0.9424342105260779	0.5060067527310963	24.377418711045273	6.361735227636277
sdxl_refiner_prompts_falah	laion_pop_llama32_paired	local	ours_laion_pop	250000	182.806372	64	0.999888	2	15749370.0	877716.0	259787.0	146.0	146.0	0.014280317244435589	0.9999999999999972	0.6771160795504341	30.408454818177763	8.23263325336473
sdxl_refiner_prompts_falah	laion_pop_llama32_paired	local	ours_laion_pop	250000	182.806372	64	0.999888	3	15499371.0	868968.0	262144.0	168.0	168.0	0.0009244246105212873	1.0	0.6900513191108473	29.42764365313046	7.769230761938067
sdxl_refiner_prompts_falah	pd12m_full_paired	local	ours_pd12m_img2dataset	250000	188.886032	128	0.945092	1	31844201.0	886464.0	99917.0	107.0	100.0	0.2773384077056897	0.9523026315787787	0.5049824276104216	24.248744070741758	6.2790612360663935
sdxl_refiner_prompts_falah	pd12m_full_paired	local	ours_pd12m_img2dataset	250000	188.886032	128	0.945092	2	31594201.0	877716.0	262039.0	146.0	146.0	0.0118360961240956	0.9999999999999999	0.679344104891954	30.41777832226884	8.302029498655052
sdxl_refiner_prompts_falah	pd12m_full_paired	local	ours_pd12m_img2dataset	250000	188.886032	128	0.945092	3	31344201.0	868968.0	262144.0	168.0	168.0	0.0008176951136830692	1.0	0.6902918110230833	29.388191241335505	7.834930004508611
sdxl_refiner_prompts_falah	pd12m_full_paired	local	ours_pd12m_img2dataset	250000	188.886032	64	0.999892	1	15998980.0	886464.0	61883.0	107.0	97.0	0.27013165839321834	0.9226973684208498	0.5109789229956001	24.568462382376392	7.222145346768808
sdxl_refiner_prompts_falah	pd12m_full_paired	local	ours_pd12m_img2dataset	250000	188.886032	64	0.999892	2	15748980.0	877716.0	259819.0	146.0	145.0	0.01297322112289157	0.9900332225913625	0.6784971672870774	30.436567568375626	8.704171961681686
sdxl_refiner_prompts_falah	pd12m_full_paired	local	ours_pd12m_img2dataset	250000	188.886032	64	0.999892	3	15498980.0	868968.0	262144.0	168.0	168.0	0.0008394100773083104	1.0	0.6901950271300614	29.42247407847653	7.816339805871913
sdxl_refiner_prompts_falah	cc12m_llavanext_paired	reference	ref_cc12m_llavanext	250000	72.323884	128	0.067772	1	17570707.0	886464.0	67544.0	107.0	102.0	0.38402313577933456	0.9720394736839995	0.48449213483231657	20.804209122161506	4.970244194236689
sdxl_refiner_prompts_falah	cc12m_llavanext_paired	reference	ref_cc12m_llavanext	250000	72.323884	128	0.067772	2	17320707.0	877716.0	258849.0	146.0	146.0	0.027492353516515987	0.9999999999999963	0.6720894403521791	30.609242515193507	8.154188867644738
sdxl_refiner_prompts_falah	cc12m_llavanext_paired	reference	ref_cc12m_llavanext	250000	72.323884	128	0.067772	3	17070707.0	868968.0	262144.0	168.0	168.0	0.0008241017785613658	1.0	0.6903282488243947	29.961061679638526	8.086252392662146
sdxl_refiner_prompts_falah	cc12m_llavanext_paired	reference	ref_cc12m_llavanext	250000	72.323884	64	0.577772	1	13000071.0	886464.0	58620.0	107.0	101.0	0.3866061962276899	0.9621710526313607	0.48731193390070715	20.767693716612968	5.383579005358586
sdxl_refiner_prompts_falah	cc12m_llavanext_paired	reference	ref_cc12m_llavanext	250000	72.323884	64	0.577772	2	12750071.0	877716.0	254431.0	146.0	145.0	0.029575207855704687	0.9900332225913562	0.6719234508720723	30.564634197842064	8.507224767832675
sdxl_refiner_prompts_falah	cc12m_llavanext_paired	reference	ref_cc12m_llavanext	250000	72.323884	64	0.577772	3	12500071.0	868968.0	262137.0	168.0	168.0	0.0007878355250942147	1.0	0.6904354447314283	29.963767543074972	8.097706494925658
sdxl_refiner_prompts_falah	cc12m_qwen3vl8b_paired	reference	ref_cc12m_qwen3vl8b	114621	11.571143158757994	128	0.0	1	1326296.0	886464.0	13187.0	107.0	75.0	0.30012078751645305	0.7425986842103216	0.5465687688267997	24.13534014156525	12.523946837775181
sdxl_refiner_prompts_falah	cc12m_qwen3vl8b_paired	reference	ref_cc12m_qwen3vl8b	114621	11.571143158757994	128	0.0	2	1211675.0	877716.0	124246.0	146.0	77.0	0.00933005962819874	0.520764119601315	0.6819188824392717	31.52906408543274	21.528500204767962
sdxl_refiner_prompts_falah	cc12m_qwen3vl8b_paired	reference	ref_cc12m_qwen3vl8b	114621	11.571143158757994	128	0.0	3	1097054.0	868968.0	206520.0	168.0	136.0	0.0009461703799447615	0.8173937360178881	0.6901473305308303	30.176098844798116	13.073807533999176
sdxl_refiner_prompts_falah	cc12m_qwen3vl8b_paired	reference	ref_cc12m_qwen3vl8b	114621	11.571143158757994	64	0.0	1	1326296.0	886464.0	13187.0	107.0	75.0	0.30012078751645305	0.7425986842103216	0.5465687688267997	24.13534014156525	12.523946837775181
sdxl_refiner_prompts_falah	cc12m_qwen3vl8b_paired	reference	ref_cc12m_qwen3vl8b	114621	11.571143158757994	64	0.0	2	1211675.0	877716.0	124246.0	146.0	77.0	0.00933005962819874	0.520764119601315	0.6819188824392717	31.52906408543274	21.528500204767962
sdxl_refiner_prompts_falah	cc12m_qwen3vl8b_paired	reference	ref_cc12m_qwen3vl8b	114621	11.571143158757994	64	0.0	3	1097054.0	868968.0	206520.0	168.0	136.0	0.0009461703799447615	0.8173937360178881	0.6901473305308303	30.176098844798116	13.073807533999176
sdxl_refiner_prompts_falah	danbooru2023_florence2_paired	reference	ref_danbooru_florence2	250000	43.72852	128	1.2e-05	1	10932124.0	886464.0	14668.0	107.0	79.0	0.39779040193835125	0.7853618421050476	0.4918730430841819	21.68812078605893	12.24265840060161
sdxl_refiner_prompts_falah	danbooru2023_florence2_paired	reference	ref_danbooru_florence2	250000	43.72852	128	1.2e-05	2	10682124.0	877716.0	79295.0	146.0	66.0	0.025499048691064948	0.4479512735326253	0.671099150667264	33.37741481699073	25.176199969185834
sdxl_refiner_prompts_falah	danbooru2023_florence2_paired	reference	ref_danbooru_florence2	250000	43.72852	128	1.2e-05	3	10432124.0	868968.0	160767.0	168.0	114.0	0.0023426677060203226	0.6409395973154279	0.6911266769918083	32.9968077714455	20.27468122356133
sdxl_refiner_prompts_falah	danbooru2023_florence2_paired	reference	ref_danbooru_florence2	250000	43.72852	64	0.175664	1	10512467.0	886464.0	14504.0	107.0	78.0	0.39853670884292863	0.7754934210524187	0.49240763944629495	21.685544327177006	12.554194460565823
sdxl_refiner_prompts_falah	danbooru2023_florence2_paired	reference	ref_danbooru_florence2	250000	43.72852	64	0.175664	2	10262467.0	877716.0	78188.0	146.0	65.0	0.025306585638715677	0.43798449612398926	0.6711685839349242	33.41966058898848	25.45433325578708
sdxl_refiner_prompts_falah	danbooru2023_florence2_paired	reference	ref_danbooru_florence2	250000	43.72852	64	0.175664	3	10012467.0	868968.0	158691.0	168.0	111.0	0.002431368812501407	0.6342281879194543	0.6910994454867073	33.03101698262696	20.44920512246907
sdxl_refiner_prompts_falah	datacomp_recap_llava15_paired_url	reference	ref_datacomp_recap_llava15_llama3_8b	250000	50.780576	128	2.8e-05	1	12694582.0	886464.0	65366.0	107.0	99.0	0.3992169257719472	0.942434210526111	0.4963718143298489	20.590272129080443	6.542181520504024
sdxl_refiner_prompts_falah	datacomp_recap_llava15_paired_url	reference	ref_datacomp_recap_llava15_llama3_8b	250000	50.780576	128	2.8e-05	2	12444582.0	877716.0	246945.0	146.0	139.0	0.03550854500376076	0.9521040974529316	0.6712303629683072	30.80685565740829	9.933730479376962
sdxl_refiner_prompts_falah	datacomp_recap_llava15_paired_url	reference	ref_datacomp_recap_llava15_llama3_8b	250000	50.780576	128	2.8e-05	3	12194586.0	868968.0	262063.0	168.0	168.0	0.0008284004065410628	1.0	0.6904533202900694	30.300727419118626	8.449036125282335
sdxl_refiner_prompts_falah	datacomp_recap_llava15_paired_url	reference	ref_datacomp_recap_llava15_llama3_8b	250000	50.780576	64	0.262244	1	11780424.0	886464.0	61952.0	107.0	99.0	0.40048770740339196	0.9424342105261072	0.4968307945770599	20.568301177095005	6.608001084691999
sdxl_refiner_prompts_falah	datacomp_recap_llava15_paired_url	reference	ref_datacomp_recap_llava15_llama3_8b	250000	50.780576	64	0.262244	2	11530424.0	877716.0	243501.0	146.0	139.0	0.03559418109863011	0.9521040974529277	0.6713797605533	30.827282433738738	9.968773130704731
sdxl_refiner_prompts_falah	datacomp_recap_llava15_paired_url	reference	ref_datacomp_recap_llava15_llama3_8b	250000	50.780576	64	0.262244	3	11280428.0	868968.0	262010.0	168.0	168.0	0.0008246141015216757	1.0	0.6904557563226437	30.31675889305546	8.460303966599968
sdxl_refiner_prompts_falah	laion_pop_llama32_paired	reference	ref_laion_pop_llama32_11b	250000	180.428212	128	0.88804	1	31590388.0	886464.0	66129.0	107.0	105.0	0.36347676388146644	0.9950657894734647	0.4797017674505941	21.62932236418262	4.159130247314592
sdxl_refiner_prompts_falah	laion_pop_llama32_paired	reference	ref_laion_pop_llama32_11b	250000	180.428212	128	0.88804	2	31340388.0	877716.0	260519.0	146.0	146.0	0.023086727579760484	0.999999999999998	0.6714703904028515	30.812848846032956	8.050004987283765
sdxl_refiner_prompts_falah	laion_pop_llama32_paired	reference	ref_laion_pop_llama32_11b	250000	180.428212	128	0.88804	3	31090388.0	868968.0	262144.0	168.0	168.0	0.0008765088425400142	1.0	0.6901408696995497	29.944698575140723	7.991023406660626
sdxl_refiner_prompts_falah	laion_pop_llama32_paired	reference	ref_laion_pop_llama32_11b	250000	180.428212	64	0.999832	1	15999633.0	886464.0	50979.0	107.0	105.0	0.3650883742145778	0.9950657894734478	0.47998682822036187	21.596121615287423	4.266533497069261
sdxl_refiner_prompts_falah	laion_pop_llama32_paired	reference	ref_laion_pop_llama32_11b	250000	180.428212	64	0.999832	2	15749633.0	877716.0	253732.0	146.0	144.0	0.02513772860612014	0.9800664451827206	0.6706600885920104	30.743086206830974	8.695753199647092
sdxl_refiner_prompts_falah	laion_pop_llama32_paired	reference	ref_laion_pop_llama32_11b	250000	180.428212	64	0.999832	3	15499633.0	868968.0	262142.0	168.0	168.0	0.000921505689844394	1.0	0.6900573533947151	29.929410947906963	8.007138067396228
sdxl_refiner_prompts_falah	pd12m_full_paired	reference	ref_pd12m_full	250000	39.709492	128	4.4e-05	1	9926889.0	886464.0	22649.0	107.0	82.0	0.41617419112875037	0.8018092105261043	0.489748591020299	20.741581468230155	11.467883201578635
sdxl_refiner_prompts_falah	pd12m_full_paired	reference	ref_pd12m_full	250000	39.709492	128	4.4e-05	2	9676889.0	877716.0	114079.0	146.0	77.0	0.03959712672120036	0.525470653377603	0.667253186680512	32.325848826855264	22.828276593543944
sdxl_refiner_prompts_falah	pd12m_full_paired	reference	ref_pd12m_full	250000	39.709492	128	4.4e-05	3	9426889.0	868968.0	209629.0	168.0	144.0	0.0010958015947784977	0.8576621923937189	0.6904546719998369	32.216799112117094	13.547617960598181
sdxl_refiner_prompts_falah	pd12m_full_paired	reference	ref_pd12m_full	250000	39.709492	64	0.070332	1	9767916.0	886464.0	22398.0	107.0	82.0	0.4164011033673805	0.801809210526104	0.48993192537949615	20.744179525668212	11.503500045975967
sdxl_refiner_prompts_falah	pd12m_full_paired	reference	ref_pd12m_full	250000	39.709492	64	0.070332	2	9517916.0	877716.0	112935.0	146.0	77.0	0.03980377637289399	0.5254706533776017	0.6672626173124402	32.3366287986119	22.825192601053164
sdxl_refiner_prompts_falah	pd12m_full_paired	reference	ref_pd12m_full	250000	39.709492	64	0.070332	3	9267916.0	868968.0	208384.0	168.0	144.0	0.001084817773488655	0.8576621923937173	0.6904707522062032	32.2369965373217	13.547530175001194
sdxl_refiner_prompts_falah	cc12m_pixelprose_paired	reference	ref_pixelprose_cc12m	250000	89.339256	128	0.137448	1	20828915.0	886464.0	71789.0	107.0	103.0	0.38630519160503113	0.9753289473682138	0.48904106508235795	21.16594809468117	5.6185866669949185
sdxl_refiner_prompts_falah	cc12m_pixelprose_paired	reference	ref_pixelprose_cc12m	250000	89.339256	128	0.137448	2	20578915.0	877716.0	257846.0	146.0	143.0	0.027972806146485035	0.9767441860465136	0.6707612682347319	31.222152912816124	9.23736421740479
sdxl_refiner_prompts_falah	cc12m_pixelprose_paired	reference	ref_pixelprose_cc12m	250000	89.339256	128	0.137448	3	20328915.0	868968.0	262143.0	168.0	168.0	0.00182169092644638	1.0	0.6895137047971507	30.41548610095728	8.317907690039128
sdxl_refiner_prompts_falah	cc12m_pixelprose_paired	reference	ref_pixelprose_cc12m	250000	89.339256	64	0.723872	1	14961546.0	886464.0	59381.0	107.0	102.0	0.3774226273140426	0.9654605263155712	0.491993151367874	21.51014099735395	6.094206810122843
sdxl_refiner_prompts_falah	cc12m_pixelprose_paired	reference	ref_pixelprose_cc12m	250000	89.339256	64	0.723872	2	14711546.0	877716.0	251645.0	146.0	139.0	0.028210631295989764	0.9368770764119668	0.6707430767401392	31.21406748520061	10.468409116134506
sdxl_refiner_prompts_falah	cc12m_pixelprose_paired	reference	ref_pixelprose_cc12m	250000	89.339256	64	0.723872	3	14461546.0	868968.0	262136.0	168.0	168.0	0.001749674619850445	1.0	0.6895058020373535	30.393681481576728	8.313263119344997
